player,player_norm,team,goals_total,xg_total,shots_total,shots_on_target_pct,league_difficulty,minutes,goals_per90,xg_per90,npxg_per90,shots_per90
A. Ait El Hadj,a ait el hadj,Belgium,4.0,0.0,28.0,0.0,0.76,1504.0,0.23936170212765956,0.0,0.0,1.675531914893617
A. Bertaccini,a bertaccini,Belgium,21.0,0.0,77.0,0.0,0.76,2765.0,0.6835443037974683,0.0,0.0,2.5063291139240507
A. Budimir,a budimir,Croatia,20.999999999999996,0.0,77.99999999999999,0.0,1.0,2966.0,0.6372218476062035,0.0,0.0,2.36682400539447
A. Castillo Manyoma,a castillo manyoma,Colombia,3.0,0.0,15.0,0.0,0.7,1178.0,0.22920203735144312,0.0,0.0,1.1460101867572157
A. El Ouazzani,a el ouazzani,Morocco,7.0,0.0,30.000000000000004,0.0,0.82,1598.0,0.39424280350438046,0.0,0.0,1.6896120150187737
A. Elanga,a elanga,Sweden,6.0,0.0,37.0,0.0,1.0,2508.0,0.21531100478468898,0.0,0.0,1.3277511961722488
A. Gouiri,a gouiri,France,10.0,0.0,36.0,0.0,1.0,1051.0,0.8563273073263559,0.0,0.0,3.0827783063748813
A. Griezmann,a griezmann,France,8.0,0.0,35.99999999999999,0.0,1.0,2478.0,0.29055690072639223,0.0,0.0,1.3075060532687648
A. Hamed Allah,a hamed allah,Morocco,21.0,0.0,70.00000000000001,0.0,0.35,2269.0,0.8329660643455267,0.0,0.0,2.7765535478184225
A. Isak,a isak,Sweden,23.0,0.0,76.00000000000001,0.0,1.0,2769.0,0.7475622968580715,0.0,0.0,2.4702058504875413
A. Kadri,a kadri,Algeria,5.000000000000001,0.0,37.0,0.0,0.76,2188.0,0.20566727605118834,0.0,0.0,1.5219378427787935
A. Kalimuendo,a kalimuendo,France,17.000000000000004,0.0,53.0,0.0,1.0,2589.0,0.5909617612977985,0.0,0.0,1.8424101969872537
A. Kramarić,a kramaric,Croatia,22.0,0.0,110.0,0.0,1.0,5564.0,0.3558590941768512,0.0,0.0,1.7792954708842559
A. Lacazette,a lacazette,France,15.000000000000002,0.0,49.00000000000001,0.0,1.0,2061.0,0.6550218340611355,0.0,0.0,2.139737991266376
A. Lescano,a lescano,Argentina,11.000000000000002,0.0,62.0,0.0,0.7,3035.0,0.3261943986820429,0.0,0.0,1.8385502471169688
A. Martínez,a martinez,Argentina,35.5299240483774,0.0,123.15114595629998,0.0,0.6231367106176265,4323.0,0.7396930752611535,0.0,0.0,2.5638684099160303
A. Masuaku,a masuaku,Congo DR,0.0,0.0,23.0,0.0,0.72,2759.0,0.0,0.0,0.0,0.750271837622327
A. Palavecino,a palavecino,Argentina,8.000000000000002,0.0,77.00000000000001,0.0,0.54,3136.0,0.22959183673469394,0.0,0.0,2.2098214285714293
A. Pléa,a plea,France,11.000000000000002,0.0,26.000000000000004,0.0,1.0,1914.0,0.517241379310345,0.0,0.0,1.2225705329153607
A. Robinson,a robinson,United States,0.0,0.0,11.0,0.0,1.0,3167.0,0.0,0.0,0.0,0.312598673823808
A. Sayoud,a sayoud,Algeria,7.999999999999999,0.0,38.99999999999999,0.0,0.35,2030.0,0.354679802955665,0.0,0.0,1.7290640394088665
A. Sayyadmanesh,a sayyadmanesh,Iran,7.0,0.0,48.00000000000001,0.0,0.76,2176.0,0.28952205882352944,0.0,0.0,1.985294117647059
A. Semenyo,a semenyo,Ghana,10.999999999999998,0.0,80.99999999999999,0.0,1.0,3209.0,0.30850732315363033,0.0,0.0,2.271735743222187
A. Stiller,a stiller,Germany,1.0000000000000002,0.0,10.0,0.0,1.0,2743.0,0.03281079110462998,0.0,0.0,0.32810791104629966
A. Sørloth,a srloth,Norway,20.000000000000004,0.0,65.00000000000001,0.0,1.0,1560.0,1.1538461538461542,0.0,0.0,3.750000000000001
A. Thomasson,a thomasson,France,3.0,0.0,23.0,0.0,1.0,2623.0,0.10293556995806329,0.0,0.0,0.7891727030118185
A. Vega,a vega,Mexico,32.00000000000001,0.0,144.00000000000003,0.0,0.54,6476.0,0.44471896232242136,0.0,0.0,2.0012353304508963
A. Zendejas,a zendejas,United States,21.999999999999996,0.0,102.0,0.0,0.54,6128.0,0.32310704960835507,0.0,0.0,1.498041775456919
A. Zorgane,a zorgane,Algeria,1.0,0.0,20.0,0.0,0.76,3309.0,0.027198549410698096,0.0,0.0,0.543970988213962
Aarón Martín,aaron martin,Spain,0.0,0.0,11.000000000000002,0.0,1.0,3088.0,0.0,0.0,0.0,0.3205958549222799
Abdulrahman Al Obud,abdulrahman al obud,Saudi Arabia,6.999999999999999,0.0,16.0,0.0,0.35,1148.0,0.548780487804878,0.0,0.0,1.254355400696864
Alan,alan,Brazil,7.0,0.0,35.0,0.0,0.8200000000000001,2531.0,0.24891347293559857,0.0,0.0,1.244567364677993
Alerrandro,alerrandro,Brazil,15.0,0.0,51.0,0.0,0.74,2405.0,0.5613305613305614,0.0,0.0,1.9085239085239085
Andrey Santos,andrey santos,Brazil,10.000000000000002,0.0,34.0,0.0,1.0,2857.0,0.31501575078753946,0.0,0.0,1.071053552677634
Ayoze Pérez,ayoze perez,Spain,19.0,0.0,57.0,0.0,1.0,1976.0,0.8653846153846154,0.0,0.0,2.5961538461538463
B. Barcola,b barcola,France,28.0,0.0,134.00000000000003,0.0,1.0,4384.0,0.5748175182481752,0.0,0.0,2.750912408759125
B. Boutobba,b boutobba,France,11.0,0.0,36.0,0.0,0.7200000000000001,1802.0,0.5493895671476138,0.0,0.0,1.798002219755827
B. Dia,b dia,Senegal,9.000000000000002,0.0,28.0,0.0,1.0,2192.0,0.36952554744525556,0.0,0.0,1.1496350364963503
B. Doak,b doak,Scotland,3.0,0.0,22.000000000000004,0.0,0.68,1788.0,0.15100671140939598,0.0,0.0,1.1073825503355705
B. Nsimba,b nsimba,Belgium,9.0,0.0,50.0,0.0,0.76,2436.0,0.33251231527093594,0.0,0.0,1.8472906403940887
B. Raman,b raman,Belgium,12.0,0.0,48.0,0.0,0.76,1380.0,0.7826086956521738,0.0,0.0,3.1304347826086953
B. Rodríguez,b rodriguez,Uruguay,9.0,0.0,40.0,0.0,0.54,1895.0,0.42744063324538256,0.0,0.0,1.8997361477572559
B. Romero,b romero,Argentina,36.0,0.0,173.99999999999997,0.0,0.7,6810.0,0.47577092511013214,0.0,0.0,2.2995594713656384
B. Saka,b saka,England,5.999999999999999,0.0,41.0,0.0,1.0,1735.0,0.31123919308357345,0.0,0.0,2.126801152737752
B. White,b white,United States,16.000000000000004,0.0,61.0,0.0,0.52,2781.0,0.5177993527508092,0.0,0.0,1.9741100323624596
B. Yılmaz,b ylmaz,Türkiye,12.0,0.0,54.0,0.0,0.72,2609.0,0.4139517056343427,0.0,0.0,1.862782675354542
Borja Iglesias,borja iglesias,Spain,10.999999999999998,0.0,39.0,0.0,1.0,1964.0,0.5040733197556008,0.0,0.0,1.7871690427698574
Borja Sainz,borja sainz,Spain,18.000000000000004,0.0,88.00000000000001,0.0,0.68,3616.0,0.44800884955752224,0.0,0.0,2.190265486725664
Bruno Fernandes,bruno fernandes,Portugal,8.0,0.0,65.0,0.0,1.0,3024.0,0.23809523809523808,0.0,0.0,1.9345238095238095
C. Adams,c adams,Scotland,8.999999999999998,0.0,47.0,0.0,1.0,2656.0,0.3049698795180722,0.0,0.0,1.5926204819277108
C. Aquino,c aquino,Argentina,20.0,0.0,146.0,0.0,0.7,7042.0,0.2556092019312695,0.0,0.0,1.8659471740982676
C. Arango,c arango,Colombia,17.0,0.0,105.0,0.0,0.52,2400.0,0.6375,0.0,0.0,3.9375
C. Benteke,c benteke,Belgium,23.0,0.0,68.0,0.0,0.52,2600.0,0.7961538461538461,0.0,0.0,2.353846153846154
C. Bishop,c bishop,England,10.999999999999998,0.0,49.0,0.0,0.68,2635.0,0.3757115749525616,0.0,0.0,1.6736242884250474
C. De Ketelaere,c de ketelaere,Belgium,7.0,0.0,38.0,0.0,1.0,2078.0,0.30317613089509143,0.0,0.0,1.645813282001925
C. Doyle,c doyle,England,1.0,0.0,14.999999999999998,0.0,0.6799999999999999,3442.0,0.026147588611272515,0.0,0.0,0.39221382916908765
C. Echeverri,c echeverri,Argentina,3.0,0.0,44.0,0.0,0.7,1708.0,0.15807962529274006,0.0,0.0,2.3185011709601873
C. Espinoza,c espinoza,Argentina,4.0,0.0,42.99999999999999,0.0,0.52,2979.0,0.12084592145015105,0.0,0.0,1.2990936555891235
C. Goodwin,c goodwin,Australia,6.0,0.0,27.0,0.0,0.35,1920.0,0.28125,0.0,0.0,1.265625
C. Guanca,c guanca,Argentina,22.0,0.0,122.0,0.0,0.35,5826.0,0.33985581874356335,0.0,0.0,1.8846549948506695
C. Hernández,c hernandez,Colombia,38.0,0.0,190.0,0.0,0.52,4598.0,0.743801652892562,0.0,0.0,3.71900826446281
C. Palmer,c palmer,England,30.0,0.0,172.0,0.0,1.0,6398.0,0.4220068771491091,0.0,0.0,2.419506095654892
C. Pulišić,c pulisic,United States,22.000000000000004,0.0,74.0,0.0,1.0,4978.0,0.39775010044194464,0.0,0.0,1.3378867014865408
C. Rodríguez,c rodriguez,Mexico,0.0,0.0,19.0,0.0,0.54,3139.0,0.0,0.0,0.0,0.544759477540618
C. Rotondi,c rotondi,Argentina,22.0,0.0,112.0,0.0,0.54,6162.0,0.3213242453748783,0.0,0.0,1.6358325219084713
C. Stuani,c stuani,Uruguay,10.999999999999998,0.0,29.999999999999996,0.0,1.0,1068.0,0.9269662921348313,0.0,0.0,2.528089887640449
C. Vanhoutte,c vanhoutte,Belgium,1.0,0.0,14.0,0.0,0.76,2682.0,0.03355704697986577,0.0,0.0,0.4697986577181208
Cameron Puertas,cameron puertas,Spain,1.0,0.0,56.0,0.0,0.35,2513.0,0.035813768404297654,0.0,0.0,2.0055710306406684
Cassiano,cassiano,Brazil,9.999999999999998,0.0,31.0,0.0,0.82,1987.0,0.45294413688978347,0.0,0.0,1.4041268243583291
Cauly,cauly,Brazil,4.0,0.0,29.999999999999996,0.0,0.74,2696.0,0.13353115727002968,0.0,0.0,1.0014836795252224
Christantus Uche,christantus uche,Spain,4.0,0.0,35.0,0.0,1.0,2501.0,0.1439424230307877,0.0,0.0,1.2594962015193922
Clayton,clayton,Brazil,14.0,0.0,72.0,0.0,0.82,2715.0,0.46408839779005523,0.0,0.0,2.386740331491713
Cláudio Winck,claudio winck,Brazil,3.0000000000000004,0.0,26.0,0.0,0.72,2344.0,0.11518771331058023,0.0,0.0,0.9982935153583617
Cristiano Ronaldo,cristiano ronaldo,Portugal,25.0,0.0,113.0,0.0,0.35,2625.0,0.8571428571428571,0.0,0.0,3.874285714285714
D. Bakwa,d bakwa,France,6.0,0.0,38.0,0.0,1.0,2509.0,0.21522518931845358,0.0,0.0,1.3630928656835393
D. Haspolat,d haspolat,Türkiye,2.0,0.0,26.0,0.0,0.7600000000000001,3078.0,0.05847953216374269,0.0,0.0,0.7602339181286549
D. Heymans,d heymans,Belgium,14.0,0.0,92.0,0.0,0.7599999999999999,3420.0,0.3684210526315789,0.0,0.0,2.4210526315789473
D. Lukebakio,d lukebakio,Belgium,11.0,0.0,75.0,0.0,1.0,3098.0,0.3195610071013557,0.0,0.0,2.1788250484183345
D. Mbayo,d mbayo,Belgium,3.9999999999999987,0.0,21.999999999999996,0.0,0.78,2116.0,0.17013232514177687,0.0,0.0,0.935727788279773
D. Mertens,d mertens,Belgium,5.0,0.0,35.0,0.0,0.72,1884.0,0.23885350318471338,0.0,0.0,1.6719745222929936
D. Mihailović,d mihailovic,United States,10.999999999999998,0.0,38.0,0.0,0.52,2570.0,0.3852140077821011,0.0,0.0,1.3307392996108949
D. Puebla,d puebla,Argentina,11.0,0.0,49.0,0.0,0.7,3020.0,0.32781456953642385,0.0,0.0,1.4602649006622517
D. Türüç,d turuc,Türkiye,5.0,0.0,32.0,0.0,0.72,2256.0,0.19946808510638298,0.0,0.0,1.2765957446808511
D. Vanzeir,d vanzeir,Belgium,6.0,0.0,41.0,0.0,0.52,2482.0,0.217566478646253,0.0,0.0,1.4867042707493956
D. Vente,d vente,Netherlands,13.0,0.0,33.99999999999999,0.0,0.78,2524.0,0.4635499207606973,0.0,0.0,1.212361331220285
Dani Raba,dani raba,Spain,8.0,0.0,31.0,0.0,1.0,1896.0,0.379746835443038,0.0,0.0,1.4715189873417722
Dani Rodríguez,dani rodriguez,Spain,4.0,0.0,21.999999999999996,0.0,1.0,2175.0,0.16551724137931034,0.0,0.0,0.9103448275862067
Darder,darder,Spain,1.9999999999999998,0.0,27.0,0.0,1.0,2770.0,0.06498194945848375,0.0,0.0,0.8772563176895307
Diego Moreira,diego moreira,Portugal,1.9999999999999998,0.0,18.999999999999996,0.0,1.0,2574.0,0.06993006993006992,0.0,0.0,0.6643356643356642
E. Barco,e barco,Argentina,1.0,0.0,28.0,0.0,0.7,1360.0,0.0661764705882353,0.0,0.0,1.8529411764705883
E. Cavani,e cavani,Uruguay,11.000000000000002,0.0,45.00000000000001,0.0,0.7,2047.0,0.48363458720078173,0.0,0.0,1.9785051294577434
E. Demirović,e demirovic,Bosnia and Herzegovina,15.0,0.0,52.0,0.0,1.0,1862.0,0.7250268528464017,0.0,0.0,2.513426423200859
E. Džeko,e dzeko,Bosnia and Herzegovina,14.000000000000002,0.0,89.0,0.0,0.72,2247.0,0.5607476635514019,0.0,0.0,3.5647530040053406
E. Emegha,e emegha,Netherlands,13.999999999999998,0.0,53.0,0.0,1.0,2302.0,0.5473501303214595,0.0,0.0,2.0721112076455257
E. Eze,e eze,England,8.0,0.0,61.0,0.0,1.0,2603.0,0.27660391855551286,0.0,0.0,2.109104878985786
E. Guessand,e guessand,France,24.0,0.0,88.0,0.0,1.0,5150.0,0.41941747572815535,0.0,0.0,1.5378640776699029
E. Haaland,e haaland,Norway,22.0,0.0,92.0,0.0,1.0,2741.0,0.7223641006931777,0.0,0.0,3.0207953301714703
E. Kılınç,e klnc,Türkiye,3.0000000000000004,0.0,20.0,0.0,0.72,2381.0,0.1133977320453591,0.0,0.0,0.755984880302394
E. Latte Lath,e latte lath,Ivory Coast,11.0,0.0,47.0,0.0,0.68,1768.0,0.5599547511312217,0.0,0.0,2.3925339366515836
E. Álvarez,e alvarez,Mexico,4.999999999999999,0.0,50.0,0.0,0.54,2480.0,0.18145161290322576,0.0,0.0,1.814516129032258
Eduardo Sasha,eduardo sasha,Brazil,8.0,0.0,47.99999999999999,0.0,0.74,2099.0,0.3430204859456884,0.0,0.0,2.0581229156741303
Estêvão,estevao,Brazil,26.0,0.0,116.0,0.0,0.74,4228.0,0.5534531693472091,0.0,0.0,2.469252601702933
Evander,evander,Brazil,30.0,0.0,142.00000000000003,0.0,0.52,5104.0,0.5289968652037618,0.0,0.0,2.5039184952978064
F. Aursnes,f aursnes,Norway,3.0,0.0,19.999999999999996,0.0,0.82,2357.0,0.11455239711497667,0.0,0.0,0.7636826474331776
F. Colidio,f colidio,Argentina,13.0,0.0,67.0,0.0,0.7,2276.0,0.5140597539543058,0.0,0.0,2.649384885764499
F. Girotti,f girotti,Argentina,9.000000000000002,0.0,61.0,0.0,0.7,2266.0,0.35745807590467793,0.0,0.0,2.4227714033539276
F. Honorat,f honorat,France,4.0,0.0,19.999999999999996,0.0,1.0,1453.0,0.24776324845147968,0.0,0.0,1.238816242257398
F. Ivanović,f ivanovic,Croatia,16.0,0.0,71.0,0.0,0.76,2563.0,0.5618415918845103,0.0,0.0,2.493172063987515
F. Jara,f jara,Argentina,15.0,0.0,59.0,0.0,0.6999999999999998,1771.0,0.7622811970638058,0.0,0.0,2.9983060417843026
F. Pizzini,f pizzini,Argentina,7.0,0.0,52.99999999999999,0.0,0.6999999999999998,3262.0,0.19313304721030042,0.0,0.0,1.4622930717351315
F. Torres,f torres,Uruguay,16.000000000000004,0.0,56.0,0.0,0.52,3096.0,0.46511627906976755,0.0,0.0,1.627906976744186
F. Wirtz,f wirtz,Germany,10.0,0.0,54.0,0.0,1.0,2354.0,0.3823279524214104,0.0,0.0,2.064570943075616
Ferran Torres,ferran torres,Spain,9.0,0.0,35.0,0.0,1.0,1042.0,0.7773512476007678,0.0,0.0,3.0230326295585415
Flávio Nazinho,flavio nazinho,Portugal,0.9999999999999999,0.0,15.999999999999998,0.0,0.76,1541.0,0.05840363400389356,0.0,0.0,0.934458144062297
Fábio Silva,fabio silva,Portugal,10.0,0.0,44.00000000000001,0.0,1.0,1876.0,0.47974413646055436,0.0,0.0,2.1108742004264394
Félix Correia,felix correia,Portugal,9.000000000000002,0.0,36.00000000000001,0.0,0.82,2899.0,0.27940669196274587,0.0,0.0,1.1176267678509835
G. Berterame,g berterame,Argentina,20.0,0.0,84.99999999999999,0.0,0.54,3119.0,0.5771080474511061,0.0,0.0,2.4527092016672003
G. Carrillo,g carrillo,Argentina,12.0,0.0,46.0,0.0,0.7,1800.0,0.6,0.0,0.0,2.3
G. Hamer,g hamer,Netherlands,10.0,0.0,68.99999999999999,0.0,0.68,3364.0,0.267538644470868,0.0,0.0,1.846016646848989
G. Laborde,g laborde,France,11.0,0.0,50.00000000000001,0.0,1.0,1838.0,0.5386289445048966,0.0,0.0,2.4483133841131672
G. Lodico,g lodico,Argentina,0.9999999999999999,0.0,31.999999999999996,0.0,0.7,3376.0,0.026658767772511843,0.0,0.0,0.853080568720379
G. Martirena,g martirena,Uruguay,3.0,0.0,21.999999999999996,0.0,0.7,2081.0,0.12974531475252282,0.0,0.0,0.9514656415185005
G. Martínez,g martinez,Mexico,9.999999999999998,0.0,53.0,0.0,0.54,1792.0,0.5022321428571428,0.0,0.0,2.661830357142857
G. Nilsson,g nilsson,Sweden,18.0,0.0,116.0,0.0,0.7600000000000001,3474.0,0.46632124352331605,0.0,0.0,3.005181347150259
G. Perrin,g perrin,France,20.0,0.0,86.0,0.0,1.0,5408.0,0.3328402366863905,0.0,0.0,1.4312130177514792
G. Sağlam,g saglam,Türkiye,3.9999999999999996,0.0,31.999999999999996,0.0,0.72,2392.0,0.15050167224080266,0.0,0.0,1.2040133779264213
G. Til,g til,Netherlands,20.000000000000004,0.0,106.0,0.0,0.78,4044.0,0.4451038575667657,0.0,0.0,2.3590504451038576
G. Wijnaldum,g wijnaldum,Netherlands,14.0,0.0,45.00000000000001,0.0,0.35,2919.0,0.43165467625899284,0.0,0.0,1.3874614594039059
G. de Arrascaeta,g de arrascaeta,Uruguay,5.0,0.0,21.000000000000004,0.0,0.74,1008.0,0.44642857142857145,0.0,0.0,1.8750000000000004
G. Ávalos,g avalos,Paraguay,10.0,0.0,74.00000000000001,0.0,0.7,3259.0,0.27615833077631174,0.0,0.0,2.0435716477447077
Gabriel Pec,gabriel pec,Brazil,37.99999999999999,0.0,210.0,0.0,0.52,6366.0,0.537229029217719,0.0,0.0,2.9688972667295004
Gabriel Sara,gabriel sara,Brazil,2.0,0.0,38.00000000000001,0.0,0.72,2271.0,0.07926023778071334,0.0,0.0,1.5059445178335538
Galeno,galeno,Brazil,7.999999999999999,0.0,39.99999999999999,0.0,0.82,1451.0,0.49620951068228797,0.0,0.0,2.4810475534114396
Gerson,gerson,Brazil,3.0,0.0,26.0,0.0,0.74,2459.0,0.10980073200488003,0.0,0.0,0.9516063440422936
Gonçalo Ramos,goncalo ramos,Portugal,10.0,0.0,52.0,0.0,1.0,1062.0,0.847457627118644,0.0,0.0,4.406779661016949
Guilherme,guilherme,Brazil,0.0,0.0,6.0,0.0,0.72,3000.0,0.0,0.0,0.0,0.18
Guilherme Schettine,guilherme schettine,Brazil,5.000000000000001,0.0,38.0,0.0,0.82,1702.0,0.26439482961222094,0.0,0.0,2.009400705052879
Gustavo Scarpa,gustavo scarpa,Brazil,4.0,0.0,45.00000000000001,0.0,0.74,2157.0,0.16689847009735745,0.0,0.0,1.8776077885952716
Gustavo Sá,gustavo sa,Portugal,4.0,0.0,27.0,0.0,0.82,2550.0,0.1411764705882353,0.0,0.0,0.9529411764705883
H. Aouar,h aouar,Algeria,12.0,0.0,39.99999999999999,0.0,0.35,2449.0,0.44099632503062475,0.0,0.0,1.4699877501020822
H. Ekitike,h ekitike,France,30.000000000000004,0.0,174.0,0.0,1.0,5162.0,0.5230530802014723,0.0,0.0,3.033707865168539
H. Hajradinović,h hajradinovic,Bosnia and Herzegovina,9.0,0.0,58.0,0.0,0.7200000000000001,2897.0,0.27959958577839145,0.0,0.0,1.8018639972385226
H. Kane,h kane,England,52.0,0.0,180.0,0.0,1.0,4778.0,0.9794893260778569,0.0,0.0,3.3905399748848892
H. Martín,h martin,Mexico,20.0,0.0,56.0,0.0,0.54,4696.0,0.3833049403747871,0.0,0.0,1.0732538330494037
H. Mukhtar,h mukhtar,Germany,8.0,0.0,54.0,0.0,0.52,2751.0,0.2617230098146129,0.0,0.0,1.766630316248637
H. Traorè,h traore,Ivory Coast,10.000000000000002,0.0,54.00000000000001,0.0,1.0,2106.0,0.42735042735042744,0.0,0.0,2.307692307692308
H. Vanaken,h vanaken,Belgium,18.0,0.0,81.99999999999999,0.0,0.76,6530.0,0.24808575803981622,0.0,0.0,1.130168453292496
H. Wright,h wright,United States,12.0,0.0,52.00000000000001,0.0,0.68,2157.0,0.5006954102920723,0.0,0.0,2.169680111265647
H. Çalhanoğlu,h calhanoglu,Türkiye,5.0,0.0,32.00000000000001,0.0,1.0,1961.0,0.22947475777664458,0.0,0.0,1.4686384497705256
Hugo Duro,hugo duro,Spain,11.0,0.0,37.99999999999999,0.0,1.0,2171.0,0.45601105481345,0.0,0.0,1.5753109166282815
Hulk,hulk,Brazil,20.0,0.0,96.0,0.0,0.74,3652.0,0.4928806133625411,0.0,0.0,2.3658269441401973
I. Fernández,i fernandez,Argentina,2.0,0.0,17.0,0.0,0.7,1640.0,0.10975609756097561,0.0,0.0,0.9329268292682927
I. Perišić,i perisic,Croatia,18.0,0.0,64.0,0.0,0.78,3608.0,0.44900221729490025,0.0,0.0,1.5964523281596452
I. Ramírez,i ramirez,Uruguay,12.0,0.0,52.99999999999999,0.0,0.7,2750.0,0.3927272727272727,0.0,0.0,1.7345454545454542
I. Rivero,i rivero,Uruguay,15.000000000000002,0.0,63.0,0.0,0.54,2591.0,0.5210343496719414,0.0,0.0,2.1883442686221537
I. Saibari,i saibari,Morocco,21.999999999999996,0.0,116.0,0.0,0.7800000000000001,3572.0,0.5543113101903694,0.0,0.0,2.9227323628219484
I. Toney,i toney,England,23.0,0.0,97.0,0.0,0.35,2533.0,0.8172127911567311,0.0,0.0,3.4465061192262136
I. Williams,i williams,Ghana,6.0,0.0,48.0,0.0,1.0,2653.0,0.2035431586882774,0.0,0.0,1.6283452695062193
Iago Aspas,iago aspas,Spain,10.0,0.0,44.0,0.0,1.0,1745.0,0.5157593123209169,0.0,0.0,2.2693409742120343
Igor Paixão,igor paixao,Brazil,31.999999999999996,0.0,158.0,0.0,0.7800000000000001,5762.0,0.4998264491496007,0.0,0.0,2.467893092676154
Isco,isco,Spain,9.0,0.0,23.0,0.0,1.0,1551.0,0.5222437137330754,0.0,0.0,1.3346228239845261
J. Angulo,j angulo,Mexico,9.0,0.0,41.0,0.0,0.54,2295.0,0.35294117647058826,0.0,0.0,1.607843137254902
J. Anthony,j anthony,England,8.0,0.0,67.0,0.0,0.68,3675.0,0.19591836734693877,0.0,0.0,1.6408163265306122
J. Bakayoko,j bakayoko,Belgium,9.0,0.0,40.99999999999999,0.0,0.78,1590.0,0.5094339622641509,0.0,0.0,2.3207547169811313
J. Bellingham,j bellingham,England,9.0,0.0,46.0,0.0,1.0,2493.0,0.3249097472924188,0.0,0.0,1.660649819494585
J. Bowen,j bowen,England,26.0,0.0,117.99999999999999,0.0,1.0,5958.0,0.39274924471299094,0.0,0.0,1.782477341389728
J. Brandt,j brandt,Germany,5.0,0.0,34.0,0.0,1.0,2318.0,0.19413287316652286,0.0,0.0,1.3201035375323555
J. Brownhill,j brownhill,England,35.99999999999999,0.0,102.0,0.0,0.68,6966.0,0.4651162790697673,0.0,0.0,1.317829457364341
J. Brunetta,j brunetta,Argentina,11.0,0.0,71.0,0.0,0.54,2743.0,0.36091870215092964,0.0,0.0,2.3295661684287277
J. Burkardt,j burkardt,Germany,17.999999999999996,0.0,59.0,0.0,1.0,2120.0,0.7641509433962262,0.0,0.0,2.5047169811320753
J. Clauss,j clauss,France,3.0,0.0,18.0,0.0,1.0,2311.0,0.11683254002596279,0.0,0.0,0.7009952401557767
J. Corona,j corona,Mexico,1.9999999999999998,0.0,20.999999999999996,0.0,0.54,1670.0,0.10778443113772453,0.0,0.0,1.1317365269461075
J. David,j david,Canada,16.0,0.0,57.0,0.0,1.0,2558.0,0.5629397967161845,0.0,0.0,2.0054730258014075
J. Gallardo,j gallardo,Mexico,7.0,0.0,28.0,0.0,0.54,3261.0,0.19319227230910763,0.0,0.0,0.7727690892364305
J. Herrera,j herrera,Argentina,12.0,0.0,55.0,0.0,0.7,3144.0,0.3435114503816794,0.0,0.0,1.5744274809160306
J. Kimmich,j kimmich,Germany,3.0,0.0,21.0,0.0,1.0,2847.0,0.09483667017913594,0.0,0.0,0.6638566912539515
J. Kluivert,j kluivert,Netherlands,12.0,0.0,52.0,0.0,1.0,2356.0,0.45840407470288624,0.0,0.0,1.9864176570458405
J. López,j lopez,Argentina,10.000000000000002,0.0,58.0,0.0,0.74,2146.0,0.4193849021435229,0.0,0.0,2.4324324324324325
J. Maddison,j maddison,England,9.0,0.0,28.0,0.0,1.0,1817.0,0.445789763346175,0.0,0.0,1.3869014859658777
J. Mateta,j mateta,France,14.0,0.0,53.0,0.0,1.0,2658.0,0.47404063205417607,0.0,0.0,1.7945823927765236
J. Morris,j morris,United States,13.999999999999998,0.0,50.99999999999999,0.0,0.52,3062.0,0.411495754408883,0.0,0.0,1.499020248203788
J. Murphy,j murphy,England,15.737463126843659,0.0,93.58610517749975,0.0,0.8108041237113403,5820.0,0.24336283185840707,0.0,0.0,1.447207812023192
J. Musiala,j musiala,Germany,12.0,0.0,51.0,0.0,1.0,1804.0,0.5986696230598669,0.0,0.0,2.5443458980044347
J. Paintsil,j paintsil,Ghana,12.999999999999998,0.0,65.0,0.0,0.52,2529.0,0.46263345195729527,0.0,0.0,2.3131672597864767
J. Paradela,j paradela,Argentina,22.0,0.0,136.0,0.0,0.54,5962.0,0.33210332103321033,0.0,0.0,2.0530023482053004
J. Piroe,j piroe,Netherlands,37.99999999999999,0.0,142.0,0.0,0.68,6186.0,0.5528612997090202,0.0,0.0,2.0659553831231814
J. Quintero,j quintero,Colombia,5.000000000000001,0.0,25.000000000000004,0.0,0.7,1605.0,0.280373831775701,0.0,0.0,1.401869158878505
J. Quiñones,j quinones,Colombia,19.999999999999996,0.0,97.99999999999999,0.0,0.35,2442.0,0.737100737100737,0.0,0.0,3.6117936117936114
J. Rodríguez,j rodriguez,Uruguay,16.0,0.0,64.0,0.0,0.52,2517.0,0.5721096543504172,0.0,0.0,2.2884386174016687
J. Rudoni,j rudoni,England,9.999999999999998,0.0,56.0,0.0,0.68,3720.0,0.2419354838709677,0.0,0.0,1.3548387096774193
J. Sargent,j sargent,United States,15.0,0.0,47.0,0.0,0.68,2506.0,0.538707102952913,0.0,0.0,1.687948922585794
J. Steuckers,j steuckers,Belgium,8.000000000000002,0.0,35.0,0.0,0.76,3023.0,0.2381739993384056,0.0,0.0,1.0420112471055243
J. Strand Larsen,j strand larsen,Norway,14.0,0.0,49.0,0.0,1.0,2601.0,0.4844290657439447,0.0,0.0,1.6955017301038062
J. Tymon,j tymon,England,2.0,0.0,17.999999999999996,0.0,0.68,3941.0,0.045673686881502154,0.0,0.0,0.4110631819335193
J. Veerman,j veerman,Netherlands,0.9999999999999999,0.0,26.0,0.0,0.78,1833.0,0.049099836333878884,0.0,0.0,1.2765957446808511
J. Windass,j windass,England,13.0,0.0,79.0,0.0,0.68,3241.0,0.36099969145325517,0.0,0.0,2.193767355754397
J. Álvarez,j alvarez,Argentina,17.0,0.0,61.0,0.0,1.0,2518.0,0.607625099285147,0.0,0.0,2.1803018268467036
Javi Puado,javi puado,Spain,12.0,0.0,59.00000000000001,0.0,1.0,2989.0,0.36132485781197726,0.0,0.0,1.776513884242222
Jean Lucas,jean lucas,Brazil,3.0,0.0,47.0,0.0,0.74,2917.0,0.09256085018854988,0.0,0.0,1.4501199862872813
Jordi Alba,jordi alba,Spain,5.0,0.0,20.0,0.0,0.52,2502.0,0.17985611510791366,0.0,0.0,0.7194244604316546
João Lucas,joao lucas,Brazil,1.0,0.0,19.0,0.0,0.74,2573.0,0.03497862417411582,0.0,0.0,0.6645938593082006
João Neves,joao neves,Portugal,3.0,0.0,20.0,0.0,1.0,1857.0,0.14539579967689822,0.0,0.0,0.9693053311793215
Juan Miranda,juan miranda,Spain,0.0,0.0,13.0,0.0,1.0,2291.0,0.0,0.0,0.0,0.5106940200785683
Junior Firpo,junior firpo,Spain,4.0,0.0,19.0,0.0,0.68,2622.0,0.13729977116704806,0.0,0.0,0.6521739130434783
K. Aktürkoğlu,k akturkoglu,Türkiye,22.0,0.0,96.0,0.0,0.82,4042.0,0.48985650667986147,0.0,0.0,2.1375556655121226
K. Benzema,k benzema,France,42.0,0.0,166.0,0.0,0.35,5066.0,0.7461508093170154,0.0,0.0,2.9490722463482038
K. Fujimoto,k fujimoto,Japan,4.999999999999999,0.0,31.0,0.0,0.82,2236.0,0.20125223613595702,0.0,0.0,1.2477638640429338
K. Schade,k schade,Germany,10.999999999999998,0.0,42.99999999999999,0.0,1.0,2300.0,0.43043478260869555,0.0,0.0,1.6826086956521735
K. Taylor,k taylor,Netherlands,9.0,0.0,36.0,0.0,0.78,2459.0,0.3294021960146401,0.0,0.0,1.3176087840585604
K. Wagner,k wagner,Germany,1.0,0.0,8.0,0.0,0.52,2905.0,0.03098106712564544,0.0,0.0,0.24784853700516352
Keito Nakamura,keito nakamura,Japan,11.0,0.0,63.0,0.0,1.0,2870.0,0.34494773519163763,0.0,0.0,1.975609756097561
Kike García,kike garcia,Spain,13.0,0.0,53.0,0.0,1.0,2561.0,0.45685279187817257,0.0,0.0,1.8625536899648574
Kylian Mbappé,kylian mbappe,France,31.0,0.0,122.0,0.0,1.0,2917.0,0.9564621186150154,0.0,0.0,3.7641412410010284
L. Acosta,l acosta,Argentina,14.0,0.0,54.0,0.0,0.52,2977.0,0.42324487739334904,0.0,0.0,1.6325159556600606
L. Ajorque,l ajorque,France,13.0,0.0,48.0,0.0,1.0,2504.0,0.4672523961661342,0.0,0.0,1.7252396166134185
L. Blas,l blas,France,6.0,0.0,42.99999999999999,0.0,1.0,2302.0,0.23457862728062553,0.0,0.0,1.6811468288444826
L. Camara,l camara,Senegal,2.0,0.0,17.0,0.0,1.0,2064.0,0.0872093023255814,0.0,0.0,0.7412790697674418
L. Delap,l delap,England,12.0,0.0,53.0,0.0,1.0,2612.0,0.41347626339969373,0.0,0.0,1.826186830015314
L. Díaz,l diaz,Colombia,13.0,0.0,49.0,0.0,1.0,2413.0,0.48487360132615004,0.0,0.0,1.8276004973062578
L. Kulenović,l kulenovic,Canada,8.999999999999998,0.0,35.0,0.0,0.78,1455.0,0.5567010309278349,0.0,0.0,2.1649484536082473
L. Messi,l messi,Argentina,42.0,0.0,144.0,0.0,0.52,3510.0,1.0769230769230769,0.0,0.0,3.6923076923076925
L. Sané,l sane,Germany,11.0,0.0,50.0,0.0,1.0,1633.0,0.6062461726883037,0.0,0.0,2.7556644213104713
L. Stassin,l stassin,Belgium,12.000000000000002,0.0,31.0,0.0,1.0,1875.0,0.5760000000000001,0.0,0.0,1.488
L. Suárez,l suarez,Uruguay,42.00000000000001,0.0,150.0,0.0,0.52,4384.0,0.862226277372263,0.0,0.0,3.079379562043796
L. Trossard,l trossard,Belgium,8.0,0.0,44.0,0.0,1.0,2551.0,0.2822422579380635,0.0,0.0,1.5523324186593492
L. de Jong,l de jong,Netherlands,28.0,0.0,164.0,0.0,0.78,4906.0,0.5136567468406034,0.0,0.0,3.0085609457806766
Lamine Yamal,lamine yamal,Spain,18.0,0.0,190.0,0.0,1.0,5542.0,0.29231324431613137,0.0,0.0,3.085528690003609
Lautaro Martínez,lautaro martinez,Argentina,12.0,0.0,83.0,0.0,1.0,2577.0,0.4190919674039581,0.0,0.0,2.89871944121071
Lucas Moura,lucas moura,Brazil,20.0,0.0,62.0,0.0,0.74,4514.0,0.39875941515285773,0.0,0.0,1.236154186973859
Luciano,luciano,Brazil,11.0,0.0,55.00000000000001,0.0,0.74,2323.0,0.42617305208781747,0.0,0.0,2.1308652604390876
Luis Henrique,luis henrique,Brazil,7.0,0.0,24.0,0.0,1.0,2621.0,0.24036627241510872,0.0,0.0,0.8241129339946585
Luiz Araújo,luiz araujo,Brazil,4.0,0.0,34.00000000000001,0.0,0.74,1564.0,0.23017902813299235,0.0,0.0,1.9565217391304353
Luiz Fernando,luiz fernando,Brazil,8.0,0.0,49.0,0.0,0.74,2600.0,0.27692307692307694,0.0,0.0,1.6961538461538461
M. Akliouche,m akliouche,France,5.0,0.0,44.00000000000001,0.0,1.0,2409.0,0.18679950186799502,0.0,0.0,1.6438356164383565
M. Amoura,m amoura,Algeria,10.0,0.0,52.0,0.0,1.0,2481.0,0.36275695284159615,0.0,0.0,1.8863361547762998
M. Arambarri,m arambarri,Uruguay,10.000000000000002,0.0,42.0,0.0,1.0,2665.0,0.3377110694183866,0.0,0.0,1.4183864915572233
M. Batna,m batna,Morocco,26.0,0.0,160.0,0.0,0.35,4810.0,0.4864864864864865,0.0,0.0,2.993762993762994
M. Berte,m berte,Belgium,9.0,0.0,28.0,0.0,0.7600000000000001,1688.0,0.47985781990521326,0.0,0.0,1.4928909952606635
M. Bird,m bird,England,1.0,0.0,32.0,0.0,0.68,3634.0,0.02476609796367639,0.0,0.0,0.7925151348376445
M. Borja,m borja,Colombia,24.0,0.0,84.0,0.0,0.7,2221.0,0.9725348941918055,0.0,0.0,3.4038721296713192
M. Cham,m cham,Austria,4.999999999999999,0.0,23.0,0.0,0.72,1551.0,0.29013539651837517,0.0,0.0,1.3346228239845261
M. Diaby,m diaby,France,5.000000000000001,0.0,28.0,0.0,0.35,1994.0,0.22567703109327988,0.0,0.0,1.2637913741223672
M. Ducksch,m ducksch,Germany,8.0,0.0,53.0,0.0,1.0,2438.0,0.29532403609515995,0.0,0.0,1.9565217391304348
M. Estigarribia,m estigarribia,Argentina,6.0,0.0,61.0,0.0,0.7,2538.0,0.2127659574468085,0.0,0.0,2.1631205673758864
M. Fall,m fall,Senegal,10.0,0.0,41.00000000000001,0.0,0.7199999999999999,3031.0,0.29693170570768723,0.0,0.0,1.217419993401518
M. Frigan,m frigan,Croatia,12.0,0.0,65.0,0.0,0.76,2463.0,0.43848964677222896,0.0,0.0,2.3751522533495737
M. Gibbs-White,m gibbswhite,England,7.0,0.0,48.0,0.0,1.0,2822.0,0.2232459248759745,0.0,0.0,1.5308291991495393
M. Greenwood,m greenwood,England,22.0,0.0,90.0,0.0,1.0,2814.0,0.7036247334754797,0.0,0.0,2.878464818763326
M. Maolida,m maolida,France,15.0,0.0,85.0,0.0,0.35,2855.0,0.47285464098073554,0.0,0.0,2.679509632224168
M. Meerdink,m meerdink,Netherlands,13.0,0.0,44.0,0.0,0.78,1034.0,1.1315280464216635,0.0,0.0,3.8297872340425534
M. Merentiel,m merentiel,Uruguay,14.0,0.0,60.0,0.0,0.7,2812.0,0.44807965860597443,0.0,0.0,1.9203413940256047
M. Moreno,m moreno,Argentina,17.999999999999996,0.0,113.99999999999999,0.0,0.6999999999999998,6304.0,0.25697969543147203,0.0,0.0,1.6275380710659895
M. Ojeda,m ojeda,Argentina,5.0,0.0,47.99999999999999,0.0,0.52,2304.0,0.1953125,0.0,0.0,1.8749999999999996
M. Olise,m olise,France,24.0,0.0,116.0,0.0,1.0,4692.0,0.46035805626598464,0.0,0.0,2.2250639386189257
M. Rogers,m rogers,England,8.0,0.0,34.0,0.0,1.0,3129.0,0.23010546500479387,0.0,0.0,0.9779482262703739
M. Ruiz,m ruiz,Mexico,3.0,0.0,39.99999999999999,0.0,0.54,3302.0,0.08176862507571168,0.0,0.0,1.0902483343428222
M. Thiam,m thiam,Senegal,15.0,0.0,71.00000000000001,0.0,0.72,2769.0,0.48754062838569884,0.0,0.0,2.3076923076923084
M. Thuram,m thuram,France,14.0,0.0,49.0,0.0,1.0,2298.0,0.5483028720626631,0.0,0.0,1.919060052219321
M. Tillman,m tillman,United States,12.0,0.0,44.0,0.0,0.78,1920.0,0.5625,0.0,0.0,2.0625
M. Vlap,m vlap,Netherlands,4.999999999999999,0.0,34.0,0.0,0.7799999999999999,2672.0,0.16841317365269456,0.0,0.0,1.1452095808383234
M. Weiser,m weiser,Germany,4.999999999999999,0.0,33.99999999999999,0.0,1.0,2870.0,0.15679442508710797,0.0,0.0,1.0662020905923342
M. Ødegaard,m degaard,Norway,3.0,0.0,30.000000000000004,0.0,1.0,2331.0,0.11583011583011583,0.0,0.0,1.1583011583011584
Malcom,malcom,Brazil,9.0,0.0,39.0,0.0,0.35,2614.0,0.3098699311400153,0.0,0.0,1.342769701606733
Marcos Leonardo,marcos leonardo,Brazil,16.999999999999996,0.0,57.0,0.0,0.35,1757.0,0.8708025042686396,0.0,0.0,2.9197495731360275
Martim Fernandes,martim fernandes,Portugal,0.0,0.0,5.0,0.0,0.82,1315.0,0.0,0.0,0.0,0.34220532319391633
Mateo Pellegrino,mateo pellegrino,Argentina,15.000000000000002,0.0,78.00000000000001,0.0,0.7,2648.0,0.5098187311178248,0.0,0.0,2.6510574018126896
Matheus Cunha,matheus cunha,Brazil,15.0,0.0,80.0,0.0,1.0,2600.0,0.5192307692307693,0.0,0.0,2.769230769230769
Matheus Pereira,matheus pereira,Brazil,5.0,0.0,51.0,0.0,0.74,1162.0,0.387263339070568,0.0,0.0,3.950086058519793
Matheuzinho,matheuzinho,Brazil,5.0,0.0,39.00000000000001,0.0,0.74,2482.0,0.18130539887187752,0.0,0.0,1.4141821112006447
Mathias Pereira Lage,mathias pereira lage,Portugal,2.0,0.0,28.0,0.0,1.0,1596.0,0.11278195488721804,0.0,0.0,1.5789473684210527
Miguel Cardoso,miguel cardoso,Portugal,8.0,0.0,52.0,0.0,0.72,2869.0,0.25095852213314745,0.0,0.0,1.6312303938654584
Mohamed Salah,mohamed salah,Egypt,57.99999999999999,0.0,208.0,0.0,1.0,6754.0,0.7728753331359193,0.0,0.0,2.7716908498667454
N. Lang,n lang,Netherlands,22.000000000000004,0.0,79.99999999999999,0.0,0.78,3828.0,0.517241379310345,0.0,0.0,1.8808777429467083
N. Paz,n paz,Argentina,6.0,0.0,85.0,0.0,1.0,2699.0,0.20007410151908114,0.0,0.0,2.8343831048536496
N. Pépé,n pepe,Ivory Coast,3.0,0.0,29.0,0.0,1.0,1495.0,0.1806020066889632,0.0,0.0,1.745819397993311
N. Woltemade,n woltemade,Germany,12.0,0.0,36.0,0.0,1.0,1620.0,0.6666666666666666,0.0,0.0,2.0
Nuno Moreira,nuno moreira,Portugal,5.0,0.0,29.0,0.0,0.82,1501.0,0.29980013324450366,0.0,0.0,1.7388407728181212
Nuno Tavares,nuno tavares,Portugal,0.0,0.0,20.0,0.0,1.0,1700.0,0.0,0.0,0.0,1.0588235294117647
Nuno da Costa,nuno da costa,Cape Verde,13.0,0.0,80.0,0.0,0.72,2501.0,0.46781287485006,0.0,0.0,2.8788484606157536
O. Dembélé,o dembele,France,42.00000000000001,0.0,156.00000000000003,0.0,1.0,3472.0,1.088709677419355,0.0,0.0,4.0437788018433185
O. Idrissi,o idrissi,Morocco,3.0,0.0,28.0,0.0,0.54,2402.0,0.11240632805995003,0.0,0.0,1.0491257285595337
O. Kökçü,o kokcu,Türkiye,7.000000000000001,0.0,43.0,0.0,0.82,2646.0,0.23809523809523814,0.0,0.0,1.4625850340136055
O. McBurnie,o mcburnie,Scotland,3.0,0.0,28.0,0.0,1.0,1861.0,0.14508328855454058,0.0,0.0,1.354110693175712
O. Watkins,o watkins,England,32.0,0.0,134.0,0.0,1.0,5220.0,0.5517241379310345,0.0,0.0,2.310344827586207
Oihan Sancet,oihan sancet,Spain,15.0,0.0,38.00000000000001,0.0,1.0,1628.0,0.8292383292383293,0.0,0.0,2.100737100737101
Omar Marmoush,omar marmoush,Egypt,30.0,0.0,128.0,0.0,1.0,2910.0,0.9278350515463917,0.0,0.0,3.958762886597938
P. David,p david,Canada,15.999999999999998,0.0,48.0,0.0,0.76,1804.0,0.7982261640798225,0.0,0.0,2.3946784922394677
P. Groß,p gro,Germany,0.0,0.0,13.0,0.0,1.0,2337.0,0.0,0.0,0.0,0.5006418485237484
P. Guiagon,p guiagon,Ivory Coast,7.0,0.0,49.0,0.0,0.76,2592.0,0.24305555555555555,0.0,0.0,1.7013888888888888
P. Koopmeiners,p koopmeiners,Netherlands,1.0,0.0,17.999999999999996,0.0,0.78,2975.0,0.030252100840336135,0.0,0.0,0.5445378151260503
P. Musa,p musa,Croatia,15.999999999999998,0.0,61.0,0.0,0.52,2306.0,0.624457935819601,0.0,0.0,2.380745880312229
P. Pflücke,p pflucke,Germany,5.0,0.0,37.0,0.0,0.76,1890.0,0.23809523809523808,0.0,0.0,1.7619047619047619
P. Roberts,p roberts,England,2.0,0.0,42.0,0.0,0.68,3507.0,0.05132591958939264,0.0,0.0,1.0778443113772456
P. Schick,p schick,Czechia,21.000000000000004,0.0,58.0,0.0,1.0,1693.0,1.1163614884819848,0.0,0.0,3.0832841110454816
P. Solari,p solari,Argentina,9.0,0.0,67.00000000000001,0.0,0.7,2053.0,0.3945445689235266,0.0,0.0,2.937165124208476
P. Vegetti,p vegetti,Argentina,12.0,0.0,86.0,0.0,0.74,2990.0,0.3612040133779264,0.0,0.0,2.588628762541806
PH Ganso,ph ganso,Brazil,3.0,0.0,15.999999999999998,0.0,0.74,2273.0,0.11878574571051473,0.0,0.0,0.6335239771227452
Paulinho,paulinho,Brazil,55.9631918178149,0.0,199.7811148976187,0.0,0.5882437890099131,8171.0,0.6164101411826387,0.0,0.0,2.200501816275325
Pedro,pedro,Spain,32.669285746494126,0.0,110.28991748207605,0.0,0.8044253003854,4411.0,0.6665689678495741,0.0,0.0,2.2503043693917126
Pedro Amador,pedro amador,Portugal,0.0,0.0,8.0,0.0,0.52,1219.0,0.0,0.0,0.0,0.5906480721903199
Pedro Rebocho,pedro rebocho,Portugal,0.0,0.0,3.9999999999999996,0.0,0.35,2951.0,0.0,0.0,0.0,0.12199254490003386
Pote,pote,Portugal,5.0,0.0,19.0,0.0,0.8200000000000001,882.0,0.5102040816326531,0.0,0.0,1.9387755102040816
Q. Sullivan,q sullivan,United States,5.000000000000001,0.0,43.0,0.0,0.52,2403.0,0.1872659176029963,0.0,0.0,1.6104868913857677
R. Aguirre,r aguirre,Uruguay,11.0,0.0,48.99999999999999,0.0,0.54,1360.0,0.7279411764705882,0.0,0.0,3.242647058823529
R. Alvarado,r alvarado,Mexico,8.999999999999998,0.0,31.0,0.0,0.54,2465.0,0.3286004056795131,0.0,0.0,1.13184584178499
R. Borré,r borre,Colombia,9.0,0.0,52.0,0.0,0.74,1881.0,0.430622009569378,0.0,0.0,2.488038277511962
R. Botta,r botta,Argentina,4.0,0.0,35.0,0.0,0.7,2399.0,0.15006252605252188,0.0,0.0,1.3130471029595665
R. Cherki,r cherki,France,8.0,0.0,30.0,0.0,1.0,2054.0,0.3505355404089581,0.0,0.0,1.314508276533593
R. Dōan,r doan,Japan,20.0,0.0,80.0,0.0,1.0,5748.0,0.31315240083507306,0.0,0.0,1.2526096033402923
R. Garro,r garro,Argentina,20.0,0.0,100.0,0.0,0.74,6014.0,0.2993016295310941,0.0,0.0,1.4965081476554705
R. Gauld,r gauld,Scotland,30.0,0.0,96.0,0.0,0.52,5594.0,0.4826599928494816,0.0,0.0,1.544511977118341
R. Hack,r hack,Germany,4.0,0.0,46.0,0.0,1.0,2189.0,0.16445865692096848,0.0,0.0,1.8912745545911374
R. Jiménez,r jimenez,Mexico,12.0,0.0,73.0,0.0,1.0,2505.0,0.4311377245508982,0.0,0.0,2.622754491017964
R. Lukaku,r lukaku,Belgium,28.0,0.0,78.0,0.0,1.0,5740.0,0.43902439024390244,0.0,0.0,1.2229965156794425
R. Mahrez,r mahrez,Algeria,8.0,0.0,39.0,0.0,0.35,2697.0,0.26696329254727474,0.0,0.0,1.3014460511679644
R. Margaret,r margaret,Netherlands,5.0,0.0,28.999999999999996,0.0,0.78,2523.0,0.178359096313912,0.0,0.0,1.0344827586206895
R. Pepi,r pepi,United States,11.0,0.0,26.0,0.0,0.78,683.0,1.4494875549048316,0.0,0.0,3.4260614934114204
R. Schoofs,r schoofs,Belgium,6.0,0.0,44.0,0.0,0.76,3200.0,0.16874999999999998,0.0,0.0,1.2375
R. Vermant,r vermant,Belgium,9.0,0.0,36.0,0.0,0.76,1060.0,0.7641509433962264,0.0,0.0,3.0566037735849054
R. Zalazar,r zalazar,Uruguay,4.0,0.0,27.0,0.0,0.8199999999999998,1399.0,0.2573266619013581,0.0,0.0,1.7369549678341674
R. Zúñiga,r zuniga,Colombia,19.999999999999996,0.0,59.99999999999999,0.0,0.54,2388.0,0.7537688442211053,0.0,0.0,2.2613065326633164
Rafa,rafa,Portugal,11.999999999999998,0.0,71.0,0.0,0.7199999999999999,3090.0,0.349514563106796,0.0,0.0,2.0679611650485437
Rafael Leão,rafael leao,Portugal,7.999999999999999,0.0,45.0,0.0,1.0,2330.0,0.30901287553648066,0.0,0.0,1.738197424892704
Rafael Navarro,rafael navarro,Brazil,15.0,0.0,68.0,0.0,0.52,2961.0,0.45592705167173253,0.0,0.0,2.066869300911854
Raphael Veiga,raphael veiga,Brazil,11.0,0.0,72.0,0.0,0.74,2495.0,0.3967935871743487,0.0,0.0,2.597194388777555
Raphinha,raphinha,Brazil,35.99999999999999,0.0,174.0,0.0,1.0,5688.0,0.5696202531645568,0.0,0.0,2.7531645569620253
Renan Lodi,renan lodi,Brazil,2.9999999999999996,0.0,13.0,0.0,0.35,1956.0,0.1380368098159509,0.0,0.0,0.598159509202454
Ricardinho,ricardinho,Portugal,7.0,0.0,20.0,0.0,0.82,1237.0,0.5092966855295069,0.0,0.0,1.4551333872271626
Ricardo Horta,ricardo horta,Portugal,20.0,0.0,82.0,0.0,0.8199999999999998,5690.0,0.3163444639718805,0.0,0.0,1.29701230228471
Riqui Puig,riqui puig,Spain,33.99999999999999,0.0,147.99999999999997,0.0,0.52,5804.0,0.5272226050999309,0.0,0.0,2.2949689869055816
Rodrigo Mora,rodrigo mora,Portugal,20.0,0.0,54.0,0.0,0.82,2774.0,0.6488824801730353,0.0,0.0,1.7519826964671954
Ronald,ronald,Brazil,1.9999999999999998,0.0,35.99999999999999,0.0,0.68,3777.0,0.04765687053216838,0.0,0.0,0.8578236695790308
Rômulo,romulo,Brazil,26.0,0.0,154.0,0.0,0.72,4988.0,0.46912590216519645,0.0,0.0,2.7786688051323174
Rúben Neves,ruben neves,Portugal,0.9999999999999999,0.0,18.0,0.0,0.35,2240.0,0.040178571428571425,0.0,0.0,0.7232142857142857
S. Banza,s banza,France,19.0,0.0,64.0,0.0,0.72,2553.0,0.6698002350176263,0.0,0.0,2.256169212690952
S. Bendebka,s bendebka,Algeria,12.000000000000002,0.0,46.99999999999999,0.0,0.35,2787.0,0.3875134553283101,0.0,0.0,1.517761033369214
S. Bergwijn,s bergwijn,Netherlands,24.0,0.0,88.00000000000001,0.0,0.35,3770.0,0.5729442970822282,0.0,0.0,2.1007957559681705
S. El Karouani,s el karouani,Morocco,2.0,0.0,24.0,0.0,0.78,2975.0,0.06050420168067227,0.0,0.0,0.7260504201680672
S. Machino,s machino,Japan,10.999999999999998,0.0,41.0,0.0,1.0,1960.0,0.5051020408163265,0.0,0.0,1.8826530612244898
S. Mané,s mane,Senegal,28.0,0.0,137.99999999999997,0.0,0.35,5650.0,0.44601769911504424,0.0,0.0,2.1982300884955746
S. McTominay,s mctominay,Scotland,12.0,0.0,55.0,0.0,1.0,2941.0,0.3672220333219993,0.0,0.0,1.6831009860591635
S. Mijnans,s mijnans,Netherlands,6.0,0.0,50.0,0.0,0.78,2412.0,0.22388059701492538,0.0,0.0,1.8656716417910448
S. Salles-Lamonge,s salleslamonge,France,12.0,0.0,41.0,0.0,0.54,2664.0,0.4054054054054054,0.0,0.0,1.385135135135135
S. Solari,s solari,Argentina,3.0,0.0,31.0,0.0,0.6999999999999998,1546.0,0.17464424320827943,0.0,0.0,1.8046571798188875
S. Steijn,s steijn,Netherlands,54.0,0.0,146.0,0.0,0.78,5964.0,0.8148893360160966,0.0,0.0,2.2032193158953723
S. Villa,s villa,Colombia,4.0,0.0,39.0,0.0,0.7,1946.0,0.18499486125385406,0.0,0.0,1.803699897225077
Salem Al Dawsari,salem al dawsari,Saudi Arabia,29.999999999999996,0.0,130.0,0.0,0.35,5598.0,0.4823151125401928,0.0,0.0,2.090032154340836
Samu,samu,Spain,19.0,0.0,68.0,0.0,0.82,2263.0,0.755634114007954,0.0,0.0,2.7043747238179408
Sergi Cardona,sergi cardona,Spain,1.0,0.0,15.0,0.0,1.0,2955.0,0.03045685279187817,0.0,0.0,0.45685279187817257
Sergio Canales,sergio canales,Spain,34.0,0.0,158.0,0.0,0.54,6756.0,0.45293072824156305,0.0,0.0,2.104795737122558
Son Heung-Min,son heungmin,South Korea,6.999999999999999,0.0,39.0,0.0,1.0,2116.0,0.2977315689981096,0.0,0.0,1.658790170132325
Sorriso,sorriso,Brazil,16.0,0.0,79.99999999999999,0.0,0.82,4068.0,0.35398230088495575,0.0,0.0,1.7699115044247784
Sávio,savio,Brazil,1.0,0.0,37.0,0.0,1.0,1770.0,0.05084745762711864,0.0,0.0,1.8813559322033897
T. Barry,t barry,France,11.0,0.0,64.0,0.0,1.0,2322.0,0.4263565891472868,0.0,0.0,2.4806201550387597
T. Campbell,t campbell,England,10.999999999999998,0.0,39.0,0.0,0.6799999999999999,1764.0,0.5612244897959182,0.0,0.0,1.9897959183673468
T. Cantwell,t cantwell,England,3.0,0.0,23.0,0.0,0.68,2486.0,0.10860820595333869,0.0,0.0,0.83266291230893
T. Conway,t conway,England,13.000000000000002,0.0,41.99999999999999,0.0,0.68,2362.0,0.49534292972057586,0.0,0.0,1.6003386960203216
T. Cuello,t cuello,Argentina,3.0,0.0,44.00000000000001,0.0,0.74,2017.0,0.1338621715418939,0.0,0.0,1.9633118492811108
T. Fellows,t fellows,England,4.0,0.0,27.0,0.0,0.68,2888.0,0.12465373961218837,0.0,0.0,0.8414127423822715
T. Fernández,t fernandez,Argentina,5.0,0.0,38.0,0.0,0.7,2434.0,0.1848808545603944,0.0,0.0,1.4050944946589976
T. Kleindienst,t kleindienst,Germany,32.00000000000001,0.0,116.0,0.0,1.0,5486.0,0.5249726576740796,0.0,0.0,1.9030258840685381
T. Lauritsen,t lauritsen,Norway,10.0,0.0,75.0,0.0,0.7799999999999999,2713.0,0.3317360855141909,0.0,0.0,2.488020641356432
T. Pochettino,t pochettino,Argentina,5.0,0.0,19.000000000000004,0.0,0.74,1591.0,0.28284098051539913,0.0,0.0,1.0747957259585168
T. Reijnders,t reijnders,Netherlands,10.000000000000002,0.0,52.00000000000001,0.0,1.0,3132.0,0.28735632183908055,0.0,0.0,1.4942528735632188
T. Şahin,t sahin,Türkiye,0.0,0.0,13.0,0.0,0.7199999999999999,2999.0,0.0,0.0,0.0,0.39013004334778256
Tiago Silva,tiago silva,Portugal,4.999999999999999,0.0,22.0,0.0,0.82,2338.0,0.19247219846022237,0.0,0.0,0.8468776732249786
Trincão,trincao,Portugal,18.0,0.0,134.00000000000003,0.0,0.8200000000000001,5912.0,0.2740189445196211,0.0,0.0,2.0399188092016245
Turki Al Ammar,turki al ammar,Saudi Arabia,4.0,0.0,38.00000000000001,0.0,0.35,2016.0,0.17857142857142858,0.0,0.0,1.6964285714285718
V. Castellanos,v castellanos,Argentina,10.0,0.0,85.00000000000001,0.0,1.0,2395.0,0.3757828810020877,0.0,0.0,3.194154488517746
V. Edvardsen,v edvardsen,Sweden,8.0,0.0,50.0,0.0,0.7800000000000001,2749.0,0.26191342306293197,0.0,0.0,1.6369588941433248
V. Gyökeres,v gyokeres,Sweden,78.00000000000001,0.0,222.0,0.0,0.82,5608.0,1.2517831669044226,0.0,0.0,3.5627674750356633
V. Janssen,v janssen,Netherlands,18.0,0.0,135.99999999999997,0.0,0.7599999999999999,5490.0,0.29508196721311475,0.0,0.0,2.229508196721311
V. Malcorra,v malcorra,Argentina,5.000000000000001,0.0,38.00000000000001,0.0,0.7,2423.0,0.1857201815930665,0.0,0.0,1.4114733801073054
V. van Crooij,v van crooij,Netherlands,19.999999999999996,0.0,68.0,0.0,0.78,4038.0,0.4457652303120356,0.0,0.0,1.5156017830609212
Vinícius Júnior,vinicius junior,Brazil,21.999999999999996,0.0,119.99999999999999,0.0,1.0,4514.0,0.43863535666814346,0.0,0.0,2.3925564909171464
Vinícius Lopes,vinicius lopes,Brazil,8.0,0.0,38.0,0.0,0.82,2257.0,0.3190075321222862,0.0,0.0,1.5152857775808595
Vitinho,vitinho,Brazil,5.999999999999999,0.0,43.00000000000001,0.0,0.35,1993.0,0.27094831911690914,0.0,0.0,1.941796287004516
W. Bou,w bou,Argentina,26.0,0.0,130.0,0.0,0.7,5140.0,0.45525291828793774,0.0,0.0,2.2762645914396886
W. Isidor,w isidor,France,12.999999999999998,0.0,83.0,0.0,0.68,3298.0,0.35476046088538504,0.0,0.0,2.265009096422074
W. Weghorst,w weghorst,Netherlands,10.0,0.0,28.0,0.0,0.78,1085.0,0.8294930875576036,0.0,0.0,2.3225806451612905
Wesley,wesley,Brazil,11.0,0.0,59.0,0.0,0.74,2532.0,0.3909952606635071,0.0,0.0,2.0971563981042656
William,william,Brazil,5.000000000000001,0.0,37.00000000000001,0.0,0.74,2964.0,0.15182186234817818,0.0,0.0,1.1234817813765186
X. Simons,x simons,Netherlands,10.000000000000002,0.0,33.0,0.0,1.0,2157.0,0.4172461752433937,0.0,0.0,1.376912378303199
Y. Adli,y adli,France,3.9999999999999996,0.0,10.0,0.0,1.0,1248.0,0.28846153846153844,0.0,0.0,0.7211538461538461
Y. Akgün,y akgun,Türkiye,7.0,0.0,36.0,0.0,0.72,2127.0,0.29619181946403383,0.0,0.0,1.5232722143864599
Y. Begraoui,y begraoui,Morocco,11.000000000000002,0.0,37.00000000000001,0.0,0.82,1930.0,0.5129533678756478,0.0,0.0,1.7253886010362698
Y. Bolasie,y bolasie,Congo DR,8.0,0.0,64.0,0.0,0.74,2387.0,0.3016338500209468,0.0,0.0,2.4130708001675742
Y. En-Nesyri,y ennesyri,Morocco,20.000000000000004,0.0,94.00000000000001,0.0,0.72,2002.0,0.8991008991008993,0.0,0.0,4.225774225774226
Y. Fofana,y fofana,France,1.0,0.0,22.0,0.0,1.0,2509.0,0.03587086488640893,0.0,0.0,0.7891590275009964
Y. Wissa,y wissa,Congo DR,19.000000000000004,0.0,68.99999999999999,0.0,1.0,2929.0,0.5838170023898943,0.0,0.0,2.120177534994878
Yeremy Pino,yeremy pino,Spain,4.0,0.0,17.0,0.0,1.0,1949.0,0.18471010774756286,0.0,0.0,0.7850179579271421
Yuri Alberto,yuri alberto,Brazil,15.0,0.0,61.99999999999999,0.0,0.74,2208.0,0.6114130434782609,0.0,0.0,2.5271739130434776
Z. Amdouni,z amdouni,Switzerland,6.999999999999999,0.0,32.0,0.0,0.82,847.0,0.7438016528925618,0.0,0.0,3.4002361275088546
Z. Flemming,z flemming,Netherlands,12.0,0.0,67.0,0.0,0.68,2439.0,0.44280442804428044,0.0,0.0,2.4723247232472323
Á. Di María,a di maria,Argentina,16.000000000000004,0.0,90.00000000000001,0.0,0.8199999999999998,3320.0,0.43373493975903626,0.0,0.0,2.439759036144579
Á. Sepúlveda,a sepulveda,Mexico,14.0,0.0,63.0,0.0,0.54,2076.0,0.6069364161849711,0.0,0.0,2.73121387283237
Álex Baena,alex baena,Spain,7.0,0.0,49.0,0.0,1.0,2602.0,0.24212144504227517,0.0,0.0,1.694850115295926
Álex Berenguer,alex berenguer,Spain,6.0,0.0,38.99999999999999,0.0,1.0,2351.0,0.22968949383241172,0.0,0.0,1.492981709910676
Álex Grimaldo,alex grimaldo,Spain,2.0000000000000004,0.0,30.0,0.0,1.0,2642.0,0.0681302043906132,0.0,0.0,1.0219530658591975
Álvaro Fidalgo,alvaro fidalgo,Spain,7.999999999999999,0.0,32.99999999999999,0.0,0.54,3315.0,0.21719457013574656,0.0,0.0,0.8959276018099545
Óscar Aranda,oscar aranda,Spain,8.999999999999998,0.0,49.0,0.0,0.82,2621.0,0.30904235024799687,0.0,0.0,1.6825639069057612
Óscar Mingueza,oscar mingueza,Spain,4.0,0.0,22.0,0.0,1.0,2741.0,0.13133892739875958,0.0,0.0,0.7223641006931777
