player,team,intl_goals,intl_weighted_goals,intl_penalty_goals,intl_major_goals,intl_scoring_matches,intl_last_goal_date,intl_goal_rate,team_intl_matches,intl_goals_per_team_match,player_norm,xa_per90,key_passes_per90,progressive_passes_per90,pass_completion_pct,playmaker_score,year
Erling Haaland,Norway,29,22.9,2,0,16,2025-11-16,1.8125,36,0.8055555555555556,erling haaland,3.4349999999999996,8.587499999999999,6.869999999999999,78.0,0.95,2026
Harry Kane,England,22,18.4,7,3,17,2025-11-16,1.2941176470588236,42,0.5238095238095238,harry kane,2.76,6.8999999999999995,5.52,78.0,0.7691964285714287,2026
Cristiano Ronaldo,Portugal,23,17.55,5,0,16,2025-10-14,1.4375,41,0.5609756097560976,cristiano ronaldo,2.6325,6.58125,5.265,78.0,0.7350446428571429,2026
Romelu Lukaku,Belgium,18,14.549999999999999,2,0,10,2025-06-09,1.8,40,0.45,romelu lukaku,2.1824999999999997,5.456249999999999,4.364999999999999,78.0,0.6145089285714286,2026
Kylian Mbappé,France,17,14.1,7,1,12,2025-11-13,1.4166666666666667,42,0.40476190476190477,kylian mbappe,2.1149999999999998,5.2875,4.2299999999999995,78.0,0.5964285714285715,2026
Aymen Hussein,Iraq,15,13.65,3,6,12,2026-03-31,1.25,50,0.3,aymen hussein,2.0475,5.1187499999999995,4.095,78.0,0.5783482142857144,2026
Almoez Ali,Qatar,14,12.2,2,2,9,2024-11-14,1.5555555555555556,52,0.2692307692307692,almoez ali,1.8299999999999998,4.574999999999999,3.6599999999999997,78.0,0.5200892857142858,2026
Ismael Díaz,Panama,12,11.7,2,10,7,2025-10-14,1.7142857142857142,57,0.21052631578947367,ismael diaz,1.755,4.387499999999999,3.51,78.0,0.5000000000000001,2026
Son Heung-min,South Korea,13,11.5,4,3,11,2024-11-19,1.1818181818181819,44,0.29545454545454547,son heungmin,1.7249999999999999,4.3125,3.4499999999999997,78.0,0.4919642857142858,2026
Mehdi Taremi,Iran,13,11.5,3,3,9,2025-06-10,1.4444444444444444,42,0.30952380952380953,mehdi taremi,1.7249999999999999,4.3125,3.4499999999999997,78.0,0.4919642857142858,2026
Akram Afif,Qatar,12,11.4,5,8,8,2025-03-20,1.5,52,0.23076923076923078,akram afif,1.71,4.275,3.42,78.0,0.48794642857142867,2026
Viktor Gyökeres,Sweden,16,11.35,2,0,10,2026-03-31,1.6,40,0.4,viktor gyokeres,1.7025,4.25625,3.405,78.0,0.4859375000000001,2026
Ayase Ueda,Japan,12,10.8,2,4,7,2024-09-10,1.7142857142857142,41,0.2926829268292683,ayase ueda,1.62,4.050000000000001,3.24,78.0,0.46383928571428584,2026
Yazan Al-Naimat,Jordan,12,10.8,1,4,10,2024-11-19,1.2,53,0.22641509433962265,yazan alnaimat,1.62,4.050000000000001,3.24,78.0,0.46383928571428584,2026
Cody Gakpo,Netherlands,13,10.75,5,3,12,2025-11-17,1.0833333333333333,42,0.30952380952380953,cody gakpo,1.6125,4.03125,3.225,78.0,0.4618303571428572,2026
Marko Arnautović,Austria,13,10.7,4,1,6,2025-11-15,2.1666666666666665,40,0.325,marko arnautovic,1.6049999999999998,4.012499999999999,3.2099999999999995,78.0,0.45982142857142855,2026
Andrej Kramarić,Croatia,13,10.7,1,1,11,2025-09-08,1.1818181818181819,39,0.3333333333333333,andrej kramaric,1.6049999999999998,4.012499999999999,3.2099999999999995,78.0,0.45982142857142855,2026
Scott McTominay,Scotland,13,10.45,1,1,11,2025-11-18,1.1818181818181819,39,0.3333333333333333,scott mctominay,1.5675,3.9187499999999997,3.135,78.0,0.44977678571428575,2026
Mohamed Salah,Egypt,14,10.15,4,0,10,2026-01-10,1.4,49,0.2857142857142857,mohamed salah,1.5225,3.80625,3.045,78.0,0.43772321428571437,2026
Bruno Fernandes,Portugal,12,9.85,2,1,9,2025-11-16,1.3333333333333333,41,0.2926829268292683,bruno fernandes,1.4774999999999998,3.6937499999999996,2.9549999999999996,78.0,0.42566964285714287,2026
Mikel Oyarzabal,Spain,12,9.35,3,1,10,2025-11-18,1.2,43,0.27906976744186046,mikel oyarzabal,1.4024999999999999,3.5062499999999996,2.8049999999999997,78.0,0.4055803571428572,2026
Memphis Depay,Netherlands,11,9.25,3,1,9,2025-11-14,1.2222222222222223,42,0.2619047619047619,memphis depay,1.3875,3.46875,2.775,78.0,0.40156250000000004,2026
Musa Al-Taamari,Jordan,10,8.95,1,3,6,2025-03-20,1.6666666666666667,53,0.18867924528301888,musa altaamari,1.3424999999999998,3.3562499999999993,2.6849999999999996,78.0,0.38950892857142855,2026
Sardar Azmoun,Iran,10,8.8,0,2,8,2025-03-20,1.25,42,0.23809523809523808,sardar azmoun,1.32,3.3000000000000003,2.64,78.0,0.3834821428571429,2026
Michael Gregoritsch,Austria,11,8.75,0,1,11,2025-11-18,1.0,40,0.275,michael gregoritsch,1.3125,3.28125,2.625,78.0,0.38147321428571435,2026
Lautaro Martínez,Argentina,9,8.4,0,5,8,2025-09-04,1.125,40,0.225,lautaro martinez,1.26,3.15,2.52,78.0,0.3674107142857143,2026
Kerem Aktürkoğlu,Türkiye,11,8.25,0,1,8,2026-03-31,1.375,41,0.2682926829268293,kerem akturkoglu,1.2375,3.09375,2.475,78.0,0.36138392857142865,2026
Marcel Sabitzer,Austria,10,8.15,3,1,9,2025-09-09,1.1111111111111112,40,0.25,marcel sabitzer,1.2225,3.05625,2.445,78.0,0.3573660714285715,2026
Mikel Merino,Spain,10,8.15,0,1,7,2025-10-14,1.4285714285714286,43,0.23255813953488372,mikel merino,1.2225,3.05625,2.445,78.0,0.3573660714285715,2026
Luis Díaz,Colombia,9,7.95,1,2,8,2025-06-10,1.125,44,0.20454545454545456,luis diaz,1.1925,2.9812499999999997,2.385,78.0,0.34933035714285715,2026
Lionel Messi,Argentina,9,7.8,0,1,5,2025-09-04,1.8,40,0.225,lionel messi,1.17,2.925,2.34,78.0,0.34330357142857143,2026
Alexander Sørloth,Norway,10,7.75,0,0,9,2025-11-13,1.1111111111111112,36,0.2777777777777778,alexander srloth,1.1624999999999999,2.9062499999999996,2.3249999999999997,78.0,0.34129464285714284,2026
Ali Olwan,Jordan,9,7.6499999999999995,3,0,6,2025-06-05,1.5,53,0.16981132075471697,ali olwan,1.1475,2.86875,2.295,78.0,0.3372767857142857,2026
Chris Wood,New Zealand,9,7.6499999999999995,0,0,4,2025-03-21,2.25,35,0.2571428571428571,chris wood,1.1475,2.86875,2.295,78.0,0.3372767857142857,2026
Kevin De Bruyne,Belgium,9,7.3,3,1,6,2025-10-13,1.5,40,0.225,kevin de bruyne,1.095,2.7375,2.19,78.0,0.32321428571428573,2026
Lee Kang-in,South Korea,8,7.25,0,3,6,2025-06-10,1.3333333333333333,44,0.18181818181818182,lee kangin,1.0875,2.71875,2.175,78.0,0.3212053571428572,2026
Edin Džeko,Bosnia and Herzegovina,9,7.1499999999999995,0,0,8,2026-03-26,1.125,35,0.2571428571428571,edin dzeko,1.0724999999999998,2.6812499999999995,2.1449999999999996,78.0,0.3171875,2026
Jesús Ferreira,United States,7,7.0,1,7,3,2023-07-12,2.3333333333333335,56,0.125,jesus ferreira,1.05,2.625,2.1,78.0,0.31116071428571435,2026
Jordan Ayew,Ghana,9,6.95,4,0,6,2025-10-08,1.5,39,0.23076923076923078,jordan ayew,1.0425,2.60625,2.085,78.0,0.30915178571428575,2026
Zeki Amdouni,Switzerland,9,6.8999999999999995,1,0,8,2024-11-15,1.125,41,0.21951219512195122,zeki amdouni,1.035,2.5875,2.07,78.0,0.30714285714285716,2026
Mohamed Amoura,Algeria,8,6.8,2,0,4,2025-10-14,2.0,51,0.1568627450980392,mohamed amoura,1.02,2.55,2.04,78.0,0.30312500000000003,2026
José Fajardo,Panama,7,6.55,0,4,7,2025-11-13,1.0,57,0.12280701754385964,jose fajardo,0.9824999999999999,2.45625,1.9649999999999999,78.0,0.2930803571428572,2026
Darwin Núñez,Uruguay,7,6.25,1,2,6,2024-06-27,1.1666666666666667,42,0.16666666666666666,darwin nunez,0.9375,2.34375,1.875,78.0,0.28102678571428574,2026
Duckens Nazon,Haiti,7,6.1,1,1,5,2025-10-09,1.4,36,0.19444444444444445,duckens nazon,0.9149999999999999,2.2874999999999996,1.8299999999999998,78.0,0.2750000000000001,2026
Donyell Malen,Netherlands,7,6.0,0,2,5,2025-11-17,1.4,42,0.16666666666666666,donyell malen,0.8999999999999999,2.25,1.7999999999999998,78.0,0.2709821428571429,2026
Tomáš Souček,Czechia,7,5.85,2,1,7,2025-11-17,1.0,40,0.175,tomas soucek,0.8775,2.1937499999999996,1.755,78.0,0.2649553571428572,2026
Ferran Torres,Spain,7,5.85,0,1,6,2025-11-15,1.1666666666666667,43,0.16279069767441862,ferran torres,0.8775,2.1937499999999996,1.755,78.0,0.2649553571428572,2026
Sadio Mané,Senegal,8,5.75,1,0,6,2026-01-14,1.3333333333333333,47,0.1702127659574468,sadio mane,0.8624999999999999,2.15625,1.7249999999999999,78.0,0.2609375,2026
Christoph Baumgartner,Austria,7,5.6,0,1,6,2025-06-10,1.1666666666666667,40,0.175,christoph baumgartner,0.84,2.1,1.68,78.0,0.2549107142857143,2026
Dani Olmo,Spain,6,5.55,0,3,6,2025-11-18,1.0,43,0.13953488372093023,dani olmo,0.8324999999999999,2.08125,1.6649999999999998,78.0,0.25290178571428573,2026
Breel Embolo,Switzerland,6,5.4,0,2,5,2025-11-15,1.2,41,0.14634146341463414,breel embolo,0.81,2.0250000000000004,1.62,78.0,0.24687500000000007,2026
Abbosbek Fayzullaev,Uzbekistan,6,5.4,0,2,5,2025-03-25,1.2,44,0.13636363636363635,abbosbek fayzullaev,0.81,2.0250000000000004,1.62,78.0,0.24687500000000007,2026
Takumi Minamino,Japan,6,5.4,0,2,4,2024-11-15,1.5,41,0.14634146341463414,takumi minamino,0.81,2.0250000000000004,1.62,78.0,0.24687500000000007,2026
Raphinha,Brazil,6,5.25,3,1,5,2025-03-20,1.2,39,0.15384615384615385,raphinha,0.7875,1.96875,1.575,78.0,0.24084821428571435,2026
Firas Al-Buraikan,Saudi Arabia,6,5.25,1,1,4,2025-10-08,1.5,58,0.10344827586206896,firas alburaikan,0.7875,1.96875,1.575,78.0,0.24084821428571435,2026
Mohammad Mohebi,Iran,6,5.25,0,1,5,2025-03-20,1.2,42,0.14285714285714285,mohammad mohebi,0.7875,1.96875,1.575,78.0,0.24084821428571435,2026
Bukayo Saka,England,6,5.25,0,1,4,2025-11-13,1.5,42,0.14285714285714285,bukayo saka,0.7875,1.96875,1.575,78.0,0.24084821428571435,2026
Patrik Schick,Czechia,6,5.25,1,1,5,2026-03-26,1.2,40,0.15,patrik schick,0.7875,1.96875,1.575,78.0,0.24084821428571435,2026
Florian Wirtz,Germany,7,5.25,0,2,6,2025-09-07,1.1666666666666667,42,0.16666666666666666,florian wirtz,0.7875,1.96875,1.575,78.0,0.24084821428571435,2026
Enner Valencia,Ecuador,6,5.1,2,0,5,2025-09-09,1.2,41,0.14634146341463414,enner valencia,0.7649999999999999,1.9124999999999996,1.5299999999999998,78.0,0.23482142857142857,2026
Kusini Yengi,Australia,6,5.1,1,0,4,2024-11-19,1.5,40,0.15,kusini yengi,0.7649999999999999,1.9124999999999996,1.5299999999999998,78.0,0.23482142857142857,2026
Bernardo Silva,Portugal,6,5.0,0,1,6,2025-09-09,1.0,41,0.14634146341463414,bernardo silva,0.75,1.875,1.5,78.0,0.23080357142857144,2026
Álvaro Morata,Spain,6,5.0,0,1,4,2024-10-15,1.5,43,0.13953488372093023,alvaro morata,0.75,1.875,1.5,78.0,0.23080357142857144,2026
Ayoub El Kaabi,Morocco,7,4.9,0,0,4,2025-12-29,1.75,53,0.1320754716981132,ayoub el kaabi,0.735,1.8375,1.47,78.0,0.2267857142857143,2026
João Félix,Portugal,6,4.85,0,0,5,2025-09-06,1.2,41,0.14634146341463414,joao felix,0.7274999999999999,1.8187499999999999,1.4549999999999998,78.0,0.22477678571428572,2026
Jamal Musiala,Germany,6,4.8,0,3,6,2025-03-23,1.0,42,0.14285714285714285,jamal musiala,0.72,1.7999999999999998,1.44,78.0,0.22276785714285718,2026
Trézéguet,Egypt,6,4.75,0,0,4,2024-06-06,1.5,49,0.12244897959183673,trezeguet,0.7125,1.78125,1.425,78.0,0.2207589285714286,2026
Wout Weghorst,Netherlands,6,4.75,1,1,6,2024-11-16,1.0,42,0.14285714285714285,wout weghorst,0.7125,1.78125,1.425,78.0,0.2207589285714286,2026
Frantzdy Pierrot,Haiti,5,4.7,0,3,5,2025-11-13,1.0,36,0.1388888888888889,frantzdy pierrot,0.705,1.7625,1.41,78.0,0.21875000000000006,2026
Joselu,Spain,6,4.6,0,0,5,2024-09-08,1.2,43,0.13953488372093023,joselu,0.69,1.7249999999999999,1.38,78.0,0.21473214285714287,2026
Jackson Irvine,Australia,5,4.55,0,2,4,2025-03-25,1.25,40,0.125,jackson irvine,0.6825,1.70625,1.365,78.0,0.21272321428571433,2026
Craig Goodwin,Australia,5,4.55,0,2,4,2024-10-10,1.25,40,0.125,craig goodwin,0.6825,1.70625,1.365,78.0,0.21272321428571433,2026
Mehdi Ghayedi,Iran,5,4.55,0,2,5,2024-11-14,1.0,42,0.11904761904761904,mehdi ghayedi,0.6825,1.70625,1.365,78.0,0.21272321428571433,2026
Lamine Yamal,Spain,6,4.5,1,1,5,2025-06-05,1.2,43,0.13953488372093023,lamine yamal,0.6749999999999999,1.6874999999999998,1.3499999999999999,78.0,0.21071428571428574,2026
Hwang Hee-chan,South Korea,5,4.4,1,1,5,2025-03-20,1.0,44,0.11363636363636363,hwang heechan,0.66,1.6500000000000001,1.32,78.0,0.20669642857142861,2026
Takefusa Kubo,Japan,5,4.4,0,1,5,2025-06-10,1.0,41,0.12195121951219512,takefusa kubo,0.66,1.6500000000000001,1.32,78.0,0.20669642857142861,2026
Saleh Al-Shehri,Saudi Arabia,5,4.4,2,1,3,2025-06-15,1.6666666666666667,58,0.08620689655172414,saleh alshehri,0.66,1.6500000000000001,1.32,78.0,0.20669642857142861,2026
Václav Černý,Czechia,5,4.25,0,0,4,2025-09-05,1.25,40,0.125,vaclav cerny,0.6375,1.59375,1.275,78.0,0.2006696428571429,2026
Randal Kolo Muani,France,6,4.25,1,1,5,2025-06-05,1.2,42,0.14285714285714285,randal kolo muani,0.6375,1.59375,1.275,78.0,0.2006696428571429,2026
João Cancelo,Portugal,5,4.25,0,0,5,2025-09-09,1.0,41,0.12195121951219512,joao cancelo,0.6375,1.59375,1.275,78.0,0.2006696428571429,2026
Thelo Aasgaard,Norway,5,4.25,1,0,2,2025-09-09,2.5,36,0.1388888888888889,thelo aasgaard,0.6375,1.59375,1.275,78.0,0.2006696428571429,2026
Gervane Kastaneer,Curaçao,5,4.25,0,0,3,2025-06-10,1.6666666666666667,36,0.1388888888888889,gervane kastaneer,0.6375,1.59375,1.275,78.0,0.2006696428571429,2026
Daichi Kamada,Japan,5,4.25,0,0,4,2025-06-10,1.25,41,0.12195121951219512,daichi kamada,0.6375,1.59375,1.275,78.0,0.2006696428571429,2026
Lee Jae-sung,South Korea,5,4.25,0,0,5,2025-06-10,1.0,44,0.11363636363636363,lee jaesung,0.6375,1.59375,1.275,78.0,0.2006696428571429,2026
Jérémy Doku,Belgium,5,4.25,0,0,3,2025-11-18,1.6666666666666667,40,0.125,jeremy doku,0.6375,1.59375,1.275,78.0,0.2006696428571429,2026
Eldor Shomurodov,Uzbekistan,5,4.25,0,0,5,2025-06-10,1.0,44,0.11363636363636363,eldor shomurodov,0.6375,1.59375,1.275,78.0,0.2006696428571429,2026
Youri Tielemans,Belgium,5,4.15,1,1,4,2025-09-04,1.25,40,0.125,youri tielemans,0.6225,1.5562500000000001,1.245,78.0,0.19665178571428577,2026
Baghdad Bounedjah,Algeria,6,4.05,0,0,4,2025-09-04,1.5,51,0.11764705882352941,baghdad bounedjah,0.6074999999999999,1.5187499999999998,1.2149999999999999,78.0,0.19263392857142858,2026
Nico Williams,Spain,5,4.05,0,2,5,2025-06-05,1.0,43,0.11627906976744186,nico williams,0.6074999999999999,1.5187499999999998,1.2149999999999999,78.0,0.19263392857142858,2026
Gonçalo Ramos,Portugal,5,4.0,0,0,4,2025-11-16,1.25,41,0.12195121951219512,goncalo ramos,0.6,1.5,1.2,78.0,0.19062500000000004,2026
Jonathan David,Canada,4,4.0,1,4,4,2025-06-29,1.0,45,0.08888888888888889,jonathan david,0.6,1.5,1.2,78.0,0.19062500000000004,2026
Konrad Laimer,Austria,5,4.0,0,0,5,2025-10-09,1.0,40,0.125,konrad laimer,0.6,1.5,1.2,78.0,0.19062500000000004,2026
Ivan Perišić,Croatia,5,4.0,1,0,5,2025-11-17,1.0,39,0.1282051282051282,ivan perisic,0.6,1.5,1.2,78.0,0.19062500000000004,2026
Arda Güler,Türkiye,5,3.9,0,1,5,2025-10-11,1.0,41,0.12195121951219512,arda guler,0.585,1.4625,1.17,78.0,0.18660714285714286,2026
Elijah Just,New Zealand,5,3.9,0,0,5,2025-03-24,1.0,35,0.14285714285714285,elijah just,0.585,1.4625,1.17,78.0,0.18660714285714286,2026
Xavi Simons,Netherlands,5,3.9,1,1,5,2025-11-17,1.0,42,0.11904761904761904,xavi simons,0.585,1.4625,1.17,78.0,0.18660714285714286,2026
Hassan Al-Haydos,Qatar,4,3.85,0,3,4,2024-02-03,1.0,52,0.07692307692307693,hassan alhaydos,0.5775,1.44375,1.155,78.0,0.18459821428571432,2026
John McGinn,Scotland,5,3.75,0,0,5,2024-11-18,1.0,39,0.1282051282051282,john mcginn,0.5625,1.40625,1.125,78.0,0.18058035714285714,2026
Martin Boyle,Australia,4,3.7,2,2,4,2025-03-20,1.0,40,0.1,martin boyle,0.555,1.3875000000000002,1.11,78.0,0.1785714285714286,2026
Vinícius Júnior,Brazil,4,3.7,0,2,3,2025-06-10,1.3333333333333333,39,0.10256410256410256,vinicius junior,0.555,1.3875000000000002,1.11,78.0,0.1785714285714286,2026
Merih Demiral,Türkiye,4,3.7,0,2,2,2025-10-14,2.0,41,0.0975609756097561,merih demiral,0.555,1.3875000000000002,1.11,78.0,0.1785714285714286,2026
Jhon Córdoba,Colombia,4,3.7,0,2,4,2025-09-09,1.0,44,0.09090909090909091,jhon cordoba,0.555,1.3875000000000002,1.11,78.0,0.1785714285714286,2026
Ben Waine,New Zealand,6,3.7,1,0,4,2024-11-18,1.5,35,0.17142857142857143,ben waine,0.555,1.3875000000000002,1.11,78.0,0.1785714285714286,2026
James Rodríguez,Colombia,4,3.55,2,1,4,2025-09-04,1.0,44,0.09090909090909091,james rodriguez,0.5325,1.3312499999999998,1.065,78.0,0.17254464285714285,2026
Hidemasa Morita,Japan,4,3.55,0,1,3,2024-11-15,1.3333333333333333,41,0.0975609756097561,hidemasa morita,0.5325,1.3312499999999998,1.065,78.0,0.17254464285714285,2026
Ruben Vargas,Switzerland,4,3.55,0,1,4,2024-06-29,1.0,41,0.0975609756097561,ruben vargas,0.5325,1.3312499999999998,1.065,78.0,0.17254464285714285,2026
Ritsu Dōan,Japan,4,3.55,0,1,4,2024-06-11,1.0,41,0.0975609756097561,ritsu doan,0.5325,1.3312499999999998,1.065,78.0,0.17254464285714285,2026
Yoane Wissa,Congo DR,5,3.55,1,0,5,2025-09-09,1.0,47,0.10638297872340426,yoane wissa,0.5325,1.3312499999999998,1.065,78.0,0.17254464285714285,2026
Mohanad Ali,Iraq,4,3.55,0,1,4,2025-11-18,1.0,50,0.08,mohanad ali,0.5325,1.3312499999999998,1.065,78.0,0.17254464285714285,2026
Julio Enciso,Paraguay,4,3.55,1,1,4,2025-06-05,1.0,35,0.11428571428571428,julio enciso,0.5325,1.3312499999999998,1.065,78.0,0.17254464285714285,2026
Denzel Dumfries,Netherlands,5,3.5,0,0,5,2025-09-04,1.0,42,0.11904761904761904,denzel dumfries,0.525,1.3125,1.05,78.0,0.1705357142857143,2026
Antonio Nusa,Norway,5,3.5,0,0,4,2025-11-16,1.25,36,0.1388888888888889,antonio nusa,0.525,1.3125,1.05,78.0,0.1705357142857143,2026
Pavel Šulc,Czechia,5,3.5,0,0,4,2026-03-31,1.25,40,0.125,pavel sulc,0.525,1.3125,1.05,78.0,0.1705357142857143,2026
Tijjani Reijnders,Netherlands,5,3.5,0,0,5,2025-11-17,1.0,42,0.11904761904761904,tijjani reijnders,0.525,1.3125,1.05,78.0,0.1705357142857143,2026
Pape Matar Sarr,Senegal,4,3.4,0,0,4,2025-09-09,1.0,47,0.0851063829787234,pape matar sarr,0.51,1.275,1.02,78.0,0.16651785714285716,2026
Nick Woltemade,Germany,4,3.4,0,0,3,2025-11-17,1.3333333333333333,42,0.09523809523809523,nick woltemade,0.51,1.275,1.02,78.0,0.16651785714285716,2026
Luis Suárez,Colombia,4,3.4,0,0,1,2025-09-09,4.0,44,0.09090909090909091,luis suarez,0.51,1.275,1.02,78.0,0.16651785714285716,2026
Mohamed Ali Ben Romdhane,Tunisia,4,3.4,2,0,3,2025-10-10,1.3333333333333333,48,0.08333333333333333,mohamed ali ben romdhane,0.51,1.275,1.02,78.0,0.16651785714285716,2026
Granit Xhaka,Switzerland,4,3.4,2,0,4,2025-11-15,1.0,41,0.0975609756097561,granit xhaka,0.51,1.275,1.02,78.0,0.16651785714285716,2026
Oston Urunov,Uzbekistan,4,3.4,0,0,4,2024-09-10,1.0,44,0.09090909090909091,oston urunov,0.51,1.275,1.02,78.0,0.16651785714285716,2026
Oh Hyeon-gyu,South Korea,4,3.4,0,0,4,2025-06-10,1.0,44,0.09090909090909091,oh hyeongyu,0.51,1.275,1.02,78.0,0.16651785714285716,2026
Ladislav Krejčí,Czechia,4,3.4,0,0,4,2026-03-31,1.0,40,0.1,ladislav krejci,0.51,1.275,1.02,78.0,0.16651785714285716,2026
Julián Alvarez,Argentina,4,3.4,0,0,4,2025-06-05,1.0,40,0.1,julian alvarez,0.51,1.275,1.02,78.0,0.16651785714285716,2026
Dailon Livramento,Cape Verde,4,3.4,0,0,3,2025-10-13,1.3333333333333333,42,0.09523809523809523,dailon livramento,0.51,1.275,1.02,78.0,0.16651785714285716,2026
Antonio Sanabria,Paraguay,4,3.4,0,0,3,2024-11-14,1.3333333333333333,35,0.11428571428571428,antonio sanabria,0.51,1.275,1.02,78.0,0.16651785714285716,2026
Brahim Díaz,Morocco,6,3.35,2,0,6,2026-01-09,1.0,53,0.11320754716981132,brahim diaz,0.5025,1.2562499999999999,1.005,78.0,0.16450892857142857,2026
Remo Freuler,Switzerland,4,3.3,0,1,4,2024-10-15,1.0,41,0.0975609756097561,remo freuler,0.49499999999999994,1.2374999999999998,0.9899999999999999,78.0,0.16249999999999998,2026
Alexander Isak,Sweden,5,3.25,0,0,4,2024-11-16,1.25,40,0.125,alexander isak,0.4875,1.21875,0.975,78.0,0.16049107142857144,2026
Kosta Barbarouses,New Zealand,5,3.2,0,0,4,2025-03-24,1.25,35,0.14285714285714285,kosta barbarouses,0.48,1.2,0.96,78.0,0.15848214285714285,2026
Kai Havertz,Germany,4,3.2,3,2,4,2024-11-16,1.0,42,0.09523809523809523,kai havertz,0.48,1.2,0.96,78.0,0.15848214285714285,2026
Habib Diallo,Senegal,5,3.2,0,0,5,2025-12-30,1.0,47,0.10638297872340426,habib diallo,0.48,1.2,0.96,78.0,0.15848214285714285,2026
Fabián Ruiz,Spain,4,3.2,0,2,3,2024-09-08,1.3333333333333333,43,0.09302325581395349,fabian ruiz,0.48,1.2,0.96,78.0,0.15848214285714285,2026
Kenan Yıldız,Türkiye,4,3.15,0,0,3,2025-10-14,1.3333333333333333,41,0.0975609756097561,kenan yldz,0.4725,1.18125,0.945,78.0,0.1564732142857143,2026
Leandro Trossard,Belgium,4,3.15,0,0,4,2025-10-13,1.0,40,0.1,leandro trossard,0.4725,1.18125,0.945,78.0,0.1564732142857143,2026
Ante Budimir,Croatia,4,3.15,1,0,4,2025-06-09,1.0,39,0.10256410256410256,ante budimir,0.4725,1.18125,0.945,78.0,0.1564732142857143,2026
Mario Pašalić,Croatia,4,3.15,0,0,4,2025-06-06,1.0,39,0.10256410256410256,mario pasalic,0.4725,1.18125,0.945,78.0,0.1564732142857143,2026
Luka Modrić,Croatia,4,3.05,2,1,4,2025-06-09,1.0,39,0.10256410256410256,luka modric,0.45749999999999996,1.1437499999999998,0.9149999999999999,78.0,0.15245535714285713,2026
Ismael Saibari,Morocco,4,3.05,0,0,3,2026-01-09,1.3333333333333333,53,0.07547169811320754,ismael saibari,0.45749999999999996,1.1437499999999998,0.9149999999999999,78.0,0.15245535714285713,2026
Hakan Çalhanoğlu,Türkiye,4,3.05,3,1,4,2025-11-15,1.0,41,0.0975609756097561,hakan calhanoglu,0.45749999999999996,1.1437499999999998,0.9149999999999999,78.0,0.15245535714285713,2026
Cédric Bakambu,Congo DR,4,3.05,0,0,3,2025-12-27,1.3333333333333333,47,0.0851063829787234,cedric bakambu,0.45749999999999996,1.1437499999999998,0.9149999999999999,78.0,0.15245535714285713,2026
Ismaïla Sarr,Senegal,4,3.05,0,0,3,2025-10-10,1.3333333333333333,47,0.0851063829787234,ismaila sarr,0.45749999999999996,1.1437499999999998,0.9149999999999999,78.0,0.15245535714285713,2026
Seko Fofana,Ivory Coast,4,3.05,0,0,4,2024-06-07,1.0,47,0.0851063829787234,seko fofana,0.45749999999999996,1.1437499999999998,0.9149999999999999,78.0,0.15245535714285713,2026
Diego Luna,United States,3,3.0,0,3,2,2025-07-02,1.5,56,0.05357142857142857,diego luna,0.44999999999999996,1.125,0.8999999999999999,78.0,0.1504464285714286,2026
Tajon Buchanan,Canada,3,3.0,0,3,2,2025-06-24,1.5,45,0.06666666666666667,tajon buchanan,0.44999999999999996,1.125,0.8999999999999999,78.0,0.1504464285714286,2026
César Montes,Mexico,3,3.0,0,3,2,2025-06-18,1.5,60,0.05,cesar montes,0.44999999999999996,1.125,0.8999999999999999,78.0,0.1504464285714286,2026
Brandon Vázquez,United States,3,3.0,0,3,3,2023-07-09,1.0,56,0.05357142857142857,brandon vazquez,0.44999999999999996,1.125,0.8999999999999999,78.0,0.1504464285714286,2026
Raúl Jiménez,Mexico,3,3.0,0,3,3,2025-07-06,1.0,60,0.05,raul jimenez,0.44999999999999996,1.125,0.8999999999999999,78.0,0.1504464285714286,2026
Tomás Rodríguez,Panama,3,3.0,0,3,3,2025-06-24,1.0,57,0.05263157894736842,tomas rodriguez,0.44999999999999996,1.125,0.8999999999999999,78.0,0.1504464285714286,2026
Malik Tillman,United States,3,3.0,0,3,2,2025-06-22,1.5,56,0.05357142857142857,malik tillman,0.44999999999999996,1.125,0.8999999999999999,78.0,0.1504464285714286,2026
Tomáš Chorý,Czechia,4,2.9,0,0,3,2025-11-17,1.3333333333333333,40,0.1,tomas chory,0.435,1.0875,0.87,78.0,0.14642857142857146,2026
Declan Rice,England,4,2.9,0,0,4,2025-09-06,1.0,42,0.09523809523809523,declan rice,0.435,1.0875,0.87,78.0,0.14642857142857146,2026
Joshua Kimmich,Germany,4,2.9,2,0,3,2025-10-10,1.3333333333333333,42,0.09523809523809523,joshua kimmich,0.435,1.0875,0.87,78.0,0.14642857142857146,2026
Maxim De Cuyper,Belgium,4,2.9,0,0,4,2025-09-04,1.0,40,0.1,maxim de cuyper,0.435,1.0875,0.87,78.0,0.14642857142857146,2026
Adrien Rabiot,France,4,2.9,0,0,3,2025-10-10,1.3333333333333333,42,0.09523809523809523,adrien rabiot,0.435,1.0875,0.87,78.0,0.14642857142857146,2026
Michael Olise,France,4,2.9,0,0,4,2025-11-13,1.0,42,0.09523809523809523,michael olise,0.435,1.0875,0.87,78.0,0.14642857142857146,2026
Azizbek Turgunboev,Uzbekistan,3,2.85,0,2,3,2025-06-10,1.0,44,0.06818181818181818,azizbek turgunboev,0.4275,1.06875,0.855,78.0,0.14441964285714287,2026
Jacob Shaffelburg,Canada,3,2.85,0,2,3,2024-07-05,1.0,45,0.06666666666666667,jacob shaffelburg,0.4275,1.06875,0.855,78.0,0.14441964285714287,2026
Mostafa Mohamed,Egypt,5,2.85,1,0,5,2024-01-28,1.0,49,0.10204081632653061,mostafa mohamed,0.4275,1.06875,0.855,78.0,0.14441964285714287,2026
Eduardo Guerrero,Panama,3,2.85,1,2,3,2025-06-16,1.0,57,0.05263157894736842,eduardo guerrero,0.4275,1.06875,0.855,78.0,0.14441964285714287,2026
Oswin Appollis,South Africa,4,2.7,1,0,4,2025-12-29,1.0,51,0.0784313725490196,oswin appollis,0.405,1.0125000000000002,0.81,78.0,0.13839285714285715,2026
Mohammed Kudus,Ghana,4,2.7,0,0,3,2025-10-12,1.3333333333333333,39,0.10256410256410256,mohammed kudus,0.405,1.0125000000000002,0.81,78.0,0.13839285714285715,2026
Sébastien Haller,Ivory Coast,4,2.7,1,0,4,2025-03-24,1.0,47,0.0851063829787234,sebastien haller,0.405,1.0125000000000002,0.81,78.0,0.13839285714285715,2026
Nicolas Jackson,Senegal,4,2.7,1,0,3,2025-12-23,1.3333333333333333,47,0.0851063829787234,nicolas jackson,0.405,1.0125000000000002,0.81,78.0,0.13839285714285715,2026
Danley Jean Jacques,Haiti,3,2.7,0,1,3,2025-10-09,1.0,36,0.08333333333333333,danley jean jacques,0.405,1.0125000000000002,0.81,78.0,0.13839285714285715,2026
Cenk Tosun,Türkiye,3,2.7,0,1,2,2024-06-26,1.5,41,0.07317073170731707,cenk tosun,0.405,1.0125000000000002,0.81,78.0,0.13839285714285715,2026
Lyle Foster,South Africa,4,2.7,0,0,4,2025-12-29,1.0,51,0.0784313725490196,lyle foster,0.405,1.0125000000000002,0.81,78.0,0.13839285714285715,2026
Franck Kessié,Ivory Coast,4,2.7,1,0,4,2025-10-14,1.0,47,0.0851063829787234,franck kessie,0.405,1.0125000000000002,0.81,78.0,0.13839285714285715,2026
Harry Souttar,Australia,3,2.7,0,1,3,2024-01-28,1.0,40,0.075,harry souttar,0.405,1.0125000000000002,0.81,78.0,0.13839285714285715,2026
Omar Alderete,Paraguay,3,2.7,0,1,3,2025-03-20,1.0,35,0.08571428571428572,omar alderete,0.405,1.0125000000000002,0.81,78.0,0.13839285714285715,2026
Dan Ndoye,Switzerland,3,2.7,0,1,3,2025-11-15,1.0,41,0.07317073170731707,dan ndoye,0.405,1.0125000000000002,0.81,78.0,0.13839285714285715,2026
Igor Sergeev,Uzbekistan,3,2.7,0,1,3,2025-06-10,1.0,44,0.06818181818181818,igor sergeev,0.405,1.0125000000000002,0.81,78.0,0.13839285714285715,2026
Federico Valverde,Uruguay,3,2.7,0,1,3,2024-11-19,1.0,42,0.07142857142857142,federico valverde,0.405,1.0125000000000002,0.81,78.0,0.13839285714285715,2026
Xherdan Shaqiri,Switzerland,3,2.7,1,1,3,2024-06-19,1.0,41,0.07317073170731707,xherdan shaqiri,0.405,1.0125000000000002,0.81,78.0,0.13839285714285715,2026
Don Deedson Louicius,Haiti,3,2.7,0,1,3,2025-11-18,1.0,36,0.08333333333333333,don deedson louicius,0.405,1.0125000000000002,0.81,78.0,0.13839285714285715,2026
Keito Nakamura,Japan,3,2.7,0,1,2,2024-06-06,1.5,41,0.07317073170731707,keito nakamura,0.405,1.0125000000000002,0.81,78.0,0.13839285714285715,2026
Jude Bellingham,England,3,2.6,0,2,3,2024-10-10,1.0,42,0.07142857142857142,jude bellingham,0.39,0.9750000000000001,0.78,78.0,0.13437500000000002,2026
Niclas Füllkrug,Germany,3,2.6,0,2,3,2024-09-07,1.0,42,0.07142857142857142,niclas fullkrug,0.39,0.9750000000000001,0.78,78.0,0.13437500000000002,2026
Marcus Rashford,England,3,2.55,1,0,3,2025-09-09,1.0,42,0.07142857142857142,marcus rashford,0.38249999999999995,0.9562499999999998,0.7649999999999999,78.0,0.13236607142857143,2026
Kōki Ogawa,Japan,3,2.55,0,0,2,2024-11-19,1.5,41,0.07317073170731707,koki ogawa,0.38249999999999995,0.9562499999999998,0.7649999999999999,78.0,0.13236607142857143,2026
Juninho Bacuna,Curaçao,3,2.55,0,0,3,2025-11-13,1.0,36,0.08333333333333333,juninho bacuna,0.38249999999999995,0.9562499999999998,0.7649999999999999,78.0,0.13236607142857143,2026
Thiago Almada,Argentina,3,2.55,0,0,3,2025-06-10,1.0,40,0.075,thiago almada,0.38249999999999995,0.9562499999999998,0.7649999999999999,78.0,0.13236607142857143,2026
Virgil van Dijk,Netherlands,3,2.55,1,0,3,2025-10-12,1.0,42,0.07142857142857142,virgil van dijk,0.38249999999999995,0.9562499999999998,0.7649999999999999,78.0,0.13236607142857143,2026
Ali Al-Hamadi,Iraq,3,2.55,0,0,3,2026-03-31,1.0,50,0.06,ali alhamadi,0.38249999999999995,0.9562499999999998,0.7649999999999999,78.0,0.13236607142857143,2026
Eberechi Eze,England,3,2.55,0,0,3,2025-11-13,1.0,42,0.07142857142857142,eberechi eze,0.38249999999999995,0.9562499999999998,0.7649999999999999,78.0,0.13236607142857143,2026
Charles De Ketelaere,Belgium,3,2.55,0,0,2,2025-11-18,1.5,40,0.075,charles de ketelaere,0.38249999999999995,0.9562499999999998,0.7649999999999999,78.0,0.13236607142857143,2026
Haris Tabaković,Bosnia and Herzegovina,3,2.55,0,0,3,2026-03-31,1.0,35,0.08571428571428572,haris tabakovic,0.38249999999999995,0.9562499999999998,0.7649999999999999,78.0,0.13236607142857143,2026
Calvin Stengs,Netherlands,3,2.55,0,0,1,2023-11-21,3.0,42,0.07142857142857142,calvin stengs,0.38249999999999995,0.9562499999999998,0.7649999999999999,78.0,0.13236607142857143,2026
João Neves,Portugal,3,2.55,0,0,1,2025-11-16,3.0,41,0.07317073170731707,joao neves,0.38249999999999995,0.9562499999999998,0.7649999999999999,78.0,0.13236607142857143,2026
Elias Saad,Tunisia,3,2.55,0,0,2,2025-10-10,1.5,48,0.0625,elias saad,0.38249999999999995,0.9562499999999998,0.7649999999999999,78.0,0.13236607142857143,2026
Thomas Partey,Ghana,3,2.55,0,0,2,2025-10-08,1.5,39,0.07692307692307693,thomas partey,0.38249999999999995,0.9562499999999998,0.7649999999999999,78.0,0.13236607142857143,2026
Kenji Gorré,Curaçao,3,2.55,0,0,3,2025-10-14,1.0,36,0.08333333333333333,kenji gorre,0.38249999999999995,0.9562499999999998,0.7649999999999999,78.0,0.13236607142857143,2026
Ahmed Al-Rawi,Qatar,3,2.55,0,0,3,2025-03-20,1.0,52,0.057692307692307696,ahmed alrawi,0.38249999999999995,0.9562499999999998,0.7649999999999999,78.0,0.13236607142857143,2026
Musab Al-Juwayr,Saudi Arabia,3,2.55,0,0,3,2025-06-05,1.0,58,0.05172413793103448,musab aljuwayr,0.38249999999999995,0.9562499999999998,0.7649999999999999,78.0,0.13236607142857143,2026
Rangelo Janga,Curaçao,3,2.55,1,0,1,2024-06-05,3.0,36,0.08333333333333333,rangelo janga,0.38249999999999995,0.9562499999999998,0.7649999999999999,78.0,0.13236607142857143,2026
Nicolás de la Cruz,Uruguay,3,2.55,0,0,2,2023-10-17,1.5,42,0.07142857142857142,nicolas de la cruz,0.38249999999999995,0.9562499999999998,0.7649999999999999,78.0,0.13236607142857143,2026
Nishan Velupillay,Australia,3,2.55,0,0,3,2025-03-25,1.0,40,0.075,nishan velupillay,0.38249999999999995,0.9562499999999998,0.7649999999999999,78.0,0.13236607142857143,2026
Olivier Giroud,France,3,2.55,0,0,2,2023-11-18,1.5,42,0.07142857142857142,olivier giroud,0.38249999999999995,0.9562499999999998,0.7649999999999999,78.0,0.13236607142857143,2026
Koki Ogawa,Japan,3,2.55,0,0,2,2024-09-10,1.5,41,0.07317073170731707,koki ogawa,0.38249999999999995,0.9562499999999998,0.7649999999999999,78.0,0.13236607142857143,2026
Serge Gnabry,Germany,3,2.55,0,0,3,2025-11-17,1.0,42,0.07142857142857142,serge gnabry,0.38249999999999995,0.9562499999999998,0.7649999999999999,78.0,0.13236607142857143,2026
Jamie Maclaren,Australia,3,2.55,0,0,1,2023-11-16,3.0,40,0.075,jamie maclaren,0.38249999999999995,0.9562499999999998,0.7649999999999999,78.0,0.13236607142857143,2026
Renato Steffen,Switzerland,3,2.55,0,0,1,2023-03-25,3.0,41,0.07317073170731707,renato steffen,0.38249999999999995,0.9562499999999998,0.7649999999999999,78.0,0.13236607142857143,2026
Rodrigo Aguirre,Uruguay,3,2.55,0,0,3,2025-09-04,1.0,42,0.07142857142857142,rodrigo aguirre,0.38249999999999995,0.9562499999999998,0.7649999999999999,78.0,0.13236607142857143,2026
Rodrygo,Brazil,3,2.55,0,0,2,2024-09-06,1.5,39,0.07692307692307693,rodrygo,0.38249999999999995,0.9562499999999998,0.7649999999999999,78.0,0.13236607142857143,2026
Anthony Elanga,Sweden,3,2.55,0,0,3,2026-03-31,1.0,40,0.075,anthony elanga,0.38249999999999995,0.9562499999999998,0.7649999999999999,78.0,0.13236607142857143,2026
Otabek Shukurov,Uzbekistan,3,2.55,1,0,2,2024-10-15,1.5,44,0.06818181818181818,otabek shukurov,0.38249999999999995,0.9562499999999998,0.7649999999999999,78.0,0.13236607142857143,2026
José Luis Rodríguez,Panama,3,2.55,0,0,3,2025-11-18,1.0,57,0.05263157894736842,jose luis rodriguez,0.38249999999999995,0.9562499999999998,0.7649999999999999,78.0,0.13236607142857143,2026
Nicolás Otamendi,Argentina,3,2.55,0,0,3,2024-10-10,1.0,40,0.075,nicolas otamendi,0.38249999999999995,0.9562499999999998,0.7649999999999999,78.0,0.13236607142857143,2026
Francisco Conceição,Portugal,3,2.45,0,1,3,2025-11-16,1.0,41,0.07317073170731707,francisco conceicao,0.3675,0.91875,0.735,78.0,0.1283482142857143,2026
Romano Schmid,Austria,3,2.45,0,1,3,2025-10-09,1.0,40,0.075,romano schmid,0.3675,0.91875,0.735,78.0,0.1283482142857143,2026
Tim Kleindienst,Germany,4,2.4,0,0,3,2025-03-23,1.3333333333333333,42,0.09523809523809523,tim kleindienst,0.36,0.8999999999999999,0.72,78.0,0.1263392857142857,2026
Amad Diallo,Ivory Coast,4,2.35,0,0,4,2026-01-06,1.0,47,0.0851063829787234,amad diallo,0.3525,0.88125,0.705,78.0,0.12433035714285715,2026
Riyad Mahrez,Algeria,4,2.35,1,0,3,2025-12-28,1.3333333333333333,51,0.0784313725490196,riyad mahrez,0.3525,0.88125,0.705,78.0,0.12433035714285715,2026
Omar Marmoush,Egypt,4,2.35,1,0,4,2026-01-10,1.0,49,0.08163265306122448,omar marmoush,0.3525,0.88125,0.705,78.0,0.12433035714285715,2026
Pape Gueye,Senegal,4,2.35,0,0,3,2026-01-03,1.3333333333333333,47,0.0851063829787234,pape gueye,0.3525,0.88125,0.705,78.0,0.12433035714285715,2026
Ryan Christie,Scotland,3,2.3,0,0,3,2025-11-15,1.0,39,0.07692307692307693,ryan christie,0.345,0.8624999999999999,0.69,78.0,0.12232142857142858,2026
Leroy Sané,Germany,3,2.3,0,0,2,2025-11-17,1.5,42,0.07142857142857142,leroy sane,0.345,0.8624999999999999,0.69,78.0,0.12232142857142858,2026
Stefan Posch,Austria,3,2.3,0,0,2,2025-10-09,1.5,40,0.075,stefan posch,0.345,0.8624999999999999,0.69,78.0,0.12232142857142858,2026
Bruno Petković,Croatia,3,2.3,0,0,2,2023-09-08,1.5,39,0.07692307692307693,bruno petkovic,0.345,0.8624999999999999,0.69,78.0,0.12232142857142858,2026
Pedri,Spain,3,2.3,0,0,2,2025-09-07,1.5,43,0.06976744186046512,pedri,0.345,0.8624999999999999,0.69,78.0,0.12232142857142858,2026
Meschak Elia,Congo DR,3,2.2,0,0,3,2025-11-16,1.0,47,0.06382978723404255,meschak elia,0.33,0.8250000000000001,0.66,78.0,0.11830357142857144,2026
Alexander Djiku,Ghana,3,2.2,0,0,3,2025-10-08,1.0,39,0.07692307692307693,alexander djiku,0.33,0.8250000000000001,0.66,78.0,0.11830357142857144,2026
Azzedine Ounahi,Morocco,3,2.2,0,0,3,2025-09-05,1.0,53,0.05660377358490566,azzedine ounahi,0.33,0.8250000000000001,0.66,78.0,0.11830357142857144,2026
Simon Adingra,Ivory Coast,3,2.2,0,0,3,2025-10-10,1.0,47,0.06382978723404255,simon adingra,0.33,0.8250000000000001,0.66,78.0,0.11830357142857144,2026
Hakim Ziyech,Morocco,3,2.2,1,0,3,2024-06-07,1.0,53,0.05660377358490566,hakim ziyech,0.33,0.8250000000000001,0.66,78.0,0.11830357142857144,2026
Yan Diomande,Ivory Coast,3,2.2,0,0,3,2026-01-06,1.0,47,0.06382978723404255,yan diomande,0.33,0.8250000000000001,0.66,78.0,0.11830357142857144,2026
Théo Bongonda,Congo DR,3,2.2,0,0,3,2025-12-23,1.0,47,0.06382978723404255,theo bongonda,0.33,0.8250000000000001,0.66,78.0,0.11830357142857144,2026
Evann Guessand,Ivory Coast,3,2.2,0,0,3,2025-12-31,1.0,47,0.06382978723404255,evann guessand,0.33,0.8250000000000001,0.66,78.0,0.11830357142857144,2026
Youssef En-Nesyri,Morocco,3,2.2,0,0,3,2025-10-14,1.0,53,0.05660377358490566,youssef ennesyri,0.33,0.8250000000000001,0.66,78.0,0.11830357142857144,2026
Jamiro Monteiro,Cape Verde,3,2.2,0,0,3,2024-06-08,1.0,42,0.07142857142857142,jamiro monteiro,0.33,0.8250000000000001,0.66,78.0,0.11830357142857144,2026
Bradley Barcola,France,3,2.05,0,0,3,2025-09-09,1.0,42,0.07142857142857142,bradley barcola,0.30749999999999994,0.7687499999999998,0.6149999999999999,78.0,0.1122767857142857,2026
Dejan Kulusevski,Sweden,3,2.05,0,0,2,2024-11-19,1.5,40,0.075,dejan kulusevski,0.30749999999999994,0.7687499999999998,0.6149999999999999,78.0,0.1122767857142857,2026
Ermedin Demirović,Bosnia and Herzegovina,3,2.05,0,0,3,2025-03-24,1.0,35,0.08571428571428572,ermedin demirovic,0.30749999999999994,0.7687499999999998,0.6149999999999999,78.0,0.1122767857142857,2026
Philipp Lienhart,Austria,3,2.05,0,0,3,2024-10-13,1.0,40,0.075,philipp lienhart,0.30749999999999994,0.7687499999999998,0.6149999999999999,78.0,0.1122767857142857,2026
İrfan Kahveci,Türkiye,3,2.05,0,0,3,2024-10-14,1.0,41,0.07317073170731707,irfan kahveci,0.30749999999999994,0.7687499999999998,0.6149999999999999,78.0,0.1122767857142857,2026
Ousmane Dembélé,France,3,2.05,0,0,3,2025-03-23,1.0,42,0.07142857142857142,ousmane dembele,0.30749999999999994,0.7687499999999998,0.6149999999999999,78.0,0.1122767857142857,2026
Folarin Balogun,United States,2,2.0,0,2,2,2024-06-27,1.0,56,0.03571428571428571,folarin balogun,0.3,0.75,0.6,78.0,0.11026785714285714,2026
Djordje Mihailovic,United States,2,2.0,0,2,1,2023-06-28,2.0,56,0.03571428571428571,djordje mihailovic,0.3,0.75,0.6,78.0,0.11026785714285714,2026
Jefferson Lerma,Colombia,2,2.0,0,2,2,2024-07-10,1.0,44,0.045454545454545456,jefferson lerma,0.3,0.75,0.6,78.0,0.11026785714285714,2026
Nathan Saliba,Canada,2,2.0,0,2,2,2025-06-21,1.0,45,0.044444444444444446,nathan saliba,0.3,0.75,0.6,78.0,0.11026785714285714,2026
Edson Álvarez,Mexico,2,2.0,0,2,2,2025-07-06,1.0,60,0.03333333333333333,edson alvarez,0.3,0.75,0.6,78.0,0.11026785714285714,2026
Patrick Agyemang,United States,2,2.0,0,2,2,2025-06-22,1.0,56,0.03571428571428571,patrick agyemang,0.3,0.75,0.6,78.0,0.11026785714285714,2026
Mahmoud Al-Mardi,Jordan,2,2.0,0,2,1,2024-01-15,2.0,53,0.03773584905660377,mahmoud almardi,0.3,0.75,0.6,78.0,0.11026785714285714,2026
Orbelín Pineda,Mexico,2,2.0,1,2,2,2023-07-08,1.0,60,0.03333333333333333,orbelin pineda,0.3,0.75,0.6,78.0,0.11026785714285714,2026
Daniel Muñoz,Colombia,2,2.0,0,2,2,2024-07-02,1.0,44,0.045454545454545456,daniel munoz,0.3,0.75,0.6,78.0,0.11026785714285714,2026
Julián Álvarez,Argentina,2,2.0,0,2,2,2024-07-09,1.0,40,0.05,julian alvarez,0.3,0.75,0.6,78.0,0.11026785714285714,2026
Michael Amir Murillo,Panama,2,2.0,0,2,2,2024-06-23,1.0,57,0.03508771929824561,michael amir murillo,0.3,0.75,0.6,78.0,0.11026785714285714,2026
Maximiliano Araújo,Uruguay,2,2.0,0,2,2,2024-06-27,1.0,42,0.047619047619047616,maximiliano araujo,0.3,0.75,0.6,78.0,0.11026785714285714,2026
Luis Chávez,Mexico,2,2.0,0,2,2,2023-07-12,1.0,60,0.03333333333333333,luis chavez,0.3,0.75,0.6,78.0,0.11026785714285714,2026
Luis Romo,Mexico,2,2.0,0,2,1,2023-06-25,2.0,60,0.03333333333333333,luis romo,0.3,0.75,0.6,78.0,0.11026785714285714,2026
Santiago Giménez,Mexico,2,2.0,0,2,2,2023-07-16,1.0,60,0.03333333333333333,santiago gimenez,0.3,0.75,0.6,78.0,0.11026785714285714,2026
Yoel Bárcenas,Panama,2,2.0,0,2,2,2023-07-08,1.0,57,0.03508771929824561,yoel barcenas,0.3,0.75,0.6,78.0,0.11026785714285714,2026
Henry Martín,Mexico,2,2.0,0,2,2,2023-07-12,1.0,60,0.03333333333333333,henry martin,0.3,0.75,0.6,78.0,0.11026785714285714,2026
Chris Richards,United States,2,2.0,0,2,2,2025-07-06,1.0,56,0.03571428571428571,chris richards,0.3,0.75,0.6,78.0,0.11026785714285714,2026
Alireza Jahanbakhsh,Iran,2,2.0,2,2,2,2024-02-07,1.0,42,0.047619047619047616,alireza jahanbakhsh,0.3,0.75,0.6,78.0,0.11026785714285714,2026
Rodrigo Bentancur,Uruguay,2,2.0,0,2,2,2024-07-13,1.0,42,0.047619047619047616,rodrigo bentancur,0.3,0.75,0.6,78.0,0.11026785714285714,2026
Mert Müldür,Türkiye,2,1.85,0,1,2,2025-09-04,1.0,41,0.04878048780487805,mert muldur,0.2775,0.6937500000000001,0.555,78.0,0.10424107142857145,2026
Abdullah Radif,Saudi Arabia,2,1.85,0,1,2,2024-01-30,1.0,58,0.034482758620689655,abdullah radif,0.2775,0.6937500000000001,0.555,78.0,0.10424107142857145,2026
Kendry Páez,Ecuador,2,1.85,1,1,2,2024-06-26,1.0,41,0.04878048780487805,kendry paez,0.2775,0.6937500000000001,0.555,78.0,0.10424107142857145,2026
Kevin Rodríguez,Ecuador,2,1.85,0,1,2,2024-07-04,1.0,41,0.04878048780487805,kevin rodriguez,0.2775,0.6937500000000001,0.555,78.0,0.10424107142857145,2026
Davinson Sánchez,Colombia,2,1.85,0,1,2,2024-10-15,1.0,44,0.045454545454545456,davinson sanchez,0.2775,0.6937500000000001,0.555,78.0,0.10424107142857145,2026
Abdulrahman Ghareeb,Saudi Arabia,2,1.85,0,1,2,2024-01-16,1.0,58,0.034482758620689655,abdulrahman ghareeb,0.2775,0.6937500000000001,0.555,78.0,0.10424107142857145,2026
Yusuf Abdurisag,Qatar,2,1.85,0,1,2,2023-11-21,1.0,52,0.038461538461538464,yusuf abdurisag,0.2775,0.6937500000000001,0.555,78.0,0.10424107142857145,2026
Osama Rashid,Iraq,2,1.85,0,1,2,2024-01-15,1.0,50,0.04,osama rashid,0.2775,0.6937500000000001,0.555,78.0,0.10424107142857145,2026
Cho Gue-sung,South Korea,2,1.85,0,1,2,2024-01-30,1.0,44,0.045454545454545456,cho guesung,0.2775,0.6937500000000001,0.555,78.0,0.10424107142857145,2026
Cherif Ndiaye,Senegal,3,1.85,1,0,3,2025-12-30,1.0,47,0.06382978723404255,cherif ndiaye,0.2775,0.6937500000000001,0.555,78.0,0.10424107142857145,2026
Mathías Olivera,Uruguay,2,1.85,0,1,2,2024-07-01,1.0,42,0.047619047619047616,mathias olivera,0.2775,0.6937500000000001,0.555,78.0,0.10424107142857145,2026
Ryan Mendes,Cape Verde,3,1.85,1,0,3,2024-01-29,1.0,42,0.07142857142857142,ryan mendes,0.2775,0.6937500000000001,0.555,78.0,0.10424107142857145,2026
Lamine Camara,Senegal,3,1.85,0,0,2,2024-01-15,1.5,47,0.06382978723404255,lamine camara,0.2775,0.6937500000000001,0.555,78.0,0.10424107142857145,2026
Jean-Philippe Krasso,Ivory Coast,3,1.85,1,0,3,2025-12-31,1.0,47,0.06382978723404255,jeanphilippe krasso,0.2775,0.6937500000000001,0.555,78.0,0.10424107142857145,2026
Lucas Paquetá,Brazil,2,1.85,1,1,2,2025-09-04,1.0,39,0.05128205128205128,lucas paqueta,0.2775,0.6937500000000001,0.555,78.0,0.10424107142857145,2026
Themba Zwane,South Africa,3,1.85,0,0,2,2024-06-07,1.5,51,0.058823529411764705,themba zwane,0.2775,0.6937500000000001,0.555,78.0,0.10424107142857145,2026
Jeremy Antonisse,Curaçao,2,1.85,0,1,2,2025-06-21,1.0,36,0.05555555555555555,jeremy antonisse,0.2775,0.6937500000000001,0.555,78.0,0.10424107142857145,2026
César Yanis,Panama,2,1.85,0,1,2,2025-06-10,1.0,57,0.03508771929824561,cesar yanis,0.2775,0.6937500000000001,0.555,78.0,0.10424107142857145,2026
Tameem Al-Abdullah,Qatar,2,1.85,0,1,2,2023-11-16,1.0,52,0.038461538461538464,tameem alabdullah,0.2775,0.6937500000000001,0.555,78.0,0.10424107142857145,2026
Alan Minda,Ecuador,2,1.85,0,1,2,2024-11-14,1.0,41,0.04878048780487805,alan minda,0.2775,0.6937500000000001,0.555,78.0,0.10424107142857145,2026
Fidel Escobar,Panama,2,1.85,0,1,2,2025-06-07,1.0,57,0.03508771929824561,fidel escobar,0.2775,0.6937500000000001,0.555,78.0,0.10424107142857145,2026
Elias Achouri,Tunisia,3,1.85,1,0,2,2025-12-23,1.5,48,0.0625,elias achouri,0.2775,0.6937500000000001,0.555,78.0,0.10424107142857145,2026
Iliman Ndiaye,Senegal,3,1.85,0,0,3,2026-01-09,1.0,47,0.06382978723404255,iliman ndiaye,0.2775,0.6937500000000001,0.555,78.0,0.10424107142857145,2026
Cristian Martínez,Panama,2,1.85,0,1,2,2025-06-16,1.0,57,0.03508771929824561,cristian martinez,0.2775,0.6937500000000001,0.555,78.0,0.10424107142857145,2026
Sherzod Nasrullaev,Uzbekistan,2,1.85,0,1,2,2024-06-06,1.0,44,0.045454545454545456,sherzod nasrullaev,0.2775,0.6937500000000001,0.555,78.0,0.10424107142857145,2026
Yazan Al-Arab,Jordan,2,1.85,0,1,2,2025-03-20,1.0,53,0.03773584905660377,yazan alarab,0.2775,0.6937500000000001,0.555,78.0,0.10424107142857145,2026
Evidence Makgopa,South Africa,3,1.85,0,0,3,2026-01-04,1.0,51,0.058823529411764705,evidence makgopa,0.2775,0.6937500000000001,0.555,78.0,0.10424107142857145,2026
César Blackman,Panama,2,1.85,0,1,2,2025-11-18,1.0,57,0.03508771929824561,cesar blackman,0.2775,0.6937500000000001,0.555,78.0,0.10424107142857145,2026
Deniz Undav,Germany,3,1.7999999999999998,0,0,2,2024-10-11,1.5,42,0.07142857142857142,deniz undav,0.26999999999999996,0.6749999999999999,0.5399999999999999,78.0,0.10223214285714285,2026
Fiston Mayele,Congo DR,2,1.7,0,0,2,2025-03-25,1.0,47,0.0425531914893617,fiston mayele,0.255,0.6375,0.51,78.0,0.09821428571428573,2026
Viktor Claesson,Sweden,2,1.7,0,0,2,2023-11-19,1.0,40,0.05,viktor claesson,0.255,0.6375,0.51,78.0,0.09821428571428573,2026
Hamza Igamane,Morocco,2,1.7,0,0,2,2025-09-08,1.0,53,0.03773584905660377,hamza igamane,0.255,0.6375,0.51,78.0,0.09821428571428573,2026
Jean-Philippe Mateta,France,2,1.7,0,0,2,2025-11-16,1.0,42,0.047619047619047616,jeanphilippe mateta,0.255,0.6375,0.51,78.0,0.09821428571428573,2026
Gonçalo Inácio,Portugal,2,1.7,0,0,1,2023-09-11,2.0,41,0.04878048780487805,goncalo inacio,0.255,0.6375,0.51,78.0,0.09821428571428573,2026
Ahmed Alaaeldin,Qatar,2,1.7,1,0,2,2025-03-20,1.0,52,0.038461538461538464,ahmed alaaeldin,0.255,0.6375,0.51,78.0,0.09821428571428573,2026
Hamed Traorè,Ivory Coast,2,1.7,0,0,1,2023-11-17,2.0,47,0.0425531914893617,hamed traore,0.255,0.6375,0.51,78.0,0.09821428571428573,2026
Hassan Kadesh,Saudi Arabia,2,1.7,0,0,1,2024-09-10,2.0,58,0.034482758620689655,hassan kadesh,0.255,0.6375,0.51,78.0,0.09821428571428573,2026
Hazem Mastouri,Tunisia,2,1.7,0,0,2,2025-09-04,1.0,48,0.041666666666666664,hazem mastouri,0.255,0.6375,0.51,78.0,0.09821428571428573,2026
Adam Karabec,Czechia,2,1.7,0,0,2,2025-11-17,1.0,40,0.05,adam karabec,0.255,0.6375,0.51,78.0,0.09821428571428573,2026
Kingsley Coman,France,2,1.7,0,0,1,2023-11-18,2.0,42,0.047619047619047616,kingsley coman,0.255,0.6375,0.51,78.0,0.09821428571428573,2026
Gonzalo Plata,Ecuador,2,1.7,0,0,1,2024-11-14,2.0,41,0.04878048780487805,gonzalo plata,0.255,0.6375,0.51,78.0,0.09821428571428573,2026
Willy Semedo,Cape Verde,2,1.7,0,0,2,2025-10-13,1.0,42,0.047619047619047616,willy semedo,0.255,0.6375,0.51,78.0,0.09821428571428573,2026
Félix Torres,Ecuador,2,1.7,0,0,1,2023-09-12,2.0,41,0.04878048780487805,felix torres,0.255,0.6375,0.51,78.0,0.09821428571428573,2026
Enzo Fernández,Argentina,2,1.7,0,0,2,2025-03-25,1.0,40,0.05,enzo fernandez,0.255,0.6375,0.51,78.0,0.09821428571428573,2026
Mao Hosoya,Japan,2,1.7,0,0,2,2025-06-10,1.0,41,0.04878048780487805,mao hosoya,0.255,0.6375,0.51,78.0,0.09821428571428573,2026
Yunus Akgün,Türkiye,2,1.7,0,0,2,2025-10-14,1.0,41,0.04878048780487805,yunus akgun,0.255,0.6375,0.51,78.0,0.09821428571428573,2026
Callum McCowatt,New Zealand,2,1.7,0,0,2,2024-11-18,1.0,35,0.05714285714285714,callum mccowatt,0.255,0.6375,0.51,78.0,0.09821428571428573,2026
Mitchell Duke,Australia,2,1.7,0,0,1,2023-11-16,2.0,40,0.05,mitchell duke,0.255,0.6375,0.51,78.0,0.09821428571428573,2026
Kristijan Jakić,Croatia,2,1.7,0,0,2,2025-11-17,1.0,39,0.05128205128205128,kristijan jakic,0.255,0.6375,0.51,78.0,0.09821428571428573,2026
Amir Al-Ammari,Iraq,2,1.7,1,0,2,2025-11-18,1.0,50,0.04,amir alammari,0.255,0.6375,0.51,78.0,0.09821428571428573,2026
Yukinari Sugawara,Japan,2,1.7,0,0,2,2024-11-15,1.0,41,0.04878048780487805,yukinari sugawara,0.255,0.6375,0.51,78.0,0.09821428571428573,2026
Youssef Msakni,Tunisia,2,1.7,1,0,2,2023-11-21,1.0,48,0.041666666666666664,youssef msakni,0.255,0.6375,0.51,78.0,0.09821428571428573,2026
Iñaki Williams,Ghana,2,1.7,0,0,2,2025-03-21,1.0,39,0.05128205128205128,inaki williams,0.255,0.6375,0.51,78.0,0.09821428571428573,2026
Youssef Amyn,Iraq,2,1.7,0,0,2,2024-11-19,1.0,50,0.04,youssef amyn,0.255,0.6375,0.51,78.0,0.09821428571428573,2026
Cecilio Waterman,Panama,2,1.7,0,0,1,2025-11-13,2.0,57,0.03508771929824561,cecilio waterman,0.255,0.6375,0.51,78.0,0.09821428571428573,2026
Zidane Iqbal,Iraq,2,1.7,0,0,2,2025-10-11,1.0,50,0.04,zidane iqbal,0.255,0.6375,0.51,78.0,0.09821428571428573,2026
Ernest Nuamah,Ghana,2,1.7,0,0,2,2025-03-21,1.0,39,0.05128205128205128,ernest nuamah,0.255,0.6375,0.51,78.0,0.09821428571428573,2026
Eric Davis,Panama,2,1.7,1,0,2,2025-11-18,1.0,57,0.03508771929824561,eric davis,0.255,0.6375,0.51,78.0,0.09821428571428573,2026
Jhon Durán,Colombia,2,1.7,0,0,2,2025-03-25,1.0,44,0.045454545454545456,jhon duran,0.255,0.6375,0.51,78.0,0.09821428571428573,2026
Husniddin Aliqulov,Uzbekistan,2,1.7,0,0,2,2024-09-10,1.0,44,0.045454545454545456,husniddin aliqulov,0.255,0.6375,0.51,78.0,0.09821428571428573,2026
Gavi,Spain,2,1.7,0,0,2,2023-10-15,1.0,43,0.046511627906976744,gavi,0.255,0.6375,0.51,78.0,0.09821428571428573,2026
Johan Manzambi,Switzerland,2,1.7,0,0,2,2025-11-15,1.0,41,0.04878048780487805,johan manzambi,0.255,0.6375,0.51,78.0,0.09821428571428573,2026
Ibrahim Sangaré,Ivory Coast,2,1.7,1,0,2,2025-10-10,1.0,47,0.0425531914893617,ibrahim sangare,0.255,0.6375,0.51,78.0,0.09821428571428573,2026
Tyler Bindon,New Zealand,2,1.7,0,0,2,2025-03-21,1.0,35,0.05714285714285714,tyler bindon,0.255,0.6375,0.51,78.0,0.09821428571428573,2026
Giorgian de Arrascaeta,Uruguay,2,1.7,0,0,2,2025-09-04,1.0,42,0.047619047619047616,giorgian de arrascaeta,0.255,0.6375,0.51,78.0,0.09821428571428573,2026
Ibrahim Bayesh,Iraq,2,1.7,0,0,2,2025-03-20,1.0,50,0.04,ibrahim bayesh,0.255,0.6375,0.51,78.0,0.09821428571428573,2026
Ibrahim Al-Hassan,Qatar,2,1.7,0,0,2,2024-10-10,1.0,52,0.038461538461538464,ibrahim alhassan,0.255,0.6375,0.51,78.0,0.09821428571428573,2026
Franjo Ivanović,Croatia,2,1.7,0,0,1,2025-06-06,2.0,39,0.05128205128205128,franjo ivanovic,0.255,0.6375,0.51,78.0,0.09821428571428573,2026
Ahmed Sayed,Egypt,2,1.7,0,0,2,2025-03-25,1.0,49,0.04081632653061224,ahmed sayed,0.255,0.6375,0.51,78.0,0.09821428571428573,2026
Abdulrahman Al-Aboud,Saudi Arabia,2,1.7,0,0,2,2025-06-10,1.0,58,0.034482758620689655,abdulrahman alaboud,0.255,0.6375,0.51,78.0,0.09821428571428573,2026
Hossein Kanaanizadegan,Iran,2,1.7,0,0,1,2024-03-21,2.0,42,0.047619047619047616,hossein kanaanizadegan,0.255,0.6375,0.51,78.0,0.09821428571428573,2026
Youssouf Fofana,France,2,1.7,0,0,2,2023-11-21,1.0,42,0.047619047619047616,youssouf fofana,0.255,0.6375,0.51,78.0,0.09821428571428573,2026
Ferjani Sassi,Tunisia,2,1.7,0,0,2,2025-10-13,1.0,48,0.041666666666666664,ferjani sassi,0.255,0.6375,0.51,78.0,0.09821428571428573,2026
Hans Vanaken,Belgium,2,1.7,0,0,2,2025-11-18,1.0,40,0.05,hans vanaken,0.255,0.6375,0.51,78.0,0.09821428571428573,2026
David Douděra,Czechia,2,1.7,0,0,2,2025-11-17,1.0,40,0.05,david doudera,0.255,0.6375,0.51,78.0,0.09821428571428573,2026
Manuel Akanji,Switzerland,2,1.7,0,0,2,2025-09-05,1.0,41,0.04878048780487805,manuel akanji,0.255,0.6375,0.51,78.0,0.09821428571428573,2026
Aron Dønnum,Norway,2,1.7,0,0,2,2025-03-22,1.0,36,0.05555555555555555,aron dnnum,0.255,0.6375,0.51,78.0,0.09821428571428573,2026
Diney,Cape Verde,2,1.7,0,0,2,2025-09-04,1.0,42,0.047619047619047616,diney,0.255,0.6375,0.51,78.0,0.09821428571428573,2026
Juan Fernando Quintero,Colombia,2,1.7,0,0,2,2025-09-04,1.0,44,0.045454545454545456,juan fernando quintero,0.255,0.6375,0.51,78.0,0.09821428571428573,2026
Silvan Widmer,Switzerland,2,1.7,0,0,2,2025-09-05,1.0,41,0.04878048780487805,silvan widmer,0.255,0.6375,0.51,78.0,0.09821428571428573,2026
Thomas Meunier,Belgium,2,1.7,0,0,2,2025-10-13,1.0,40,0.05,thomas meunier,0.255,0.6375,0.51,78.0,0.09821428571428573,2026
Bae Jun-ho,South Korea,2,1.7,0,0,2,2024-11-14,1.0,44,0.045454545454545456,bae junho,0.255,0.6375,0.51,78.0,0.09821428571428573,2026
Dodi Lukebakio,Belgium,2,1.7,0,0,1,2023-10-13,2.0,40,0.05,dodi lukebakio,0.255,0.6375,0.51,78.0,0.09821428571428573,2026
Tahith Chong,Curaçao,2,1.7,0,0,1,2025-09-09,2.0,36,0.05555555555555555,tahith chong,0.255,0.6375,0.51,78.0,0.09821428571428573,2026
Neymar,Brazil,2,1.7,0,0,1,2023-09-08,2.0,39,0.05128205128205128,neymar,0.255,0.6375,0.51,78.0,0.09821428571428573,2026
Jørgen Strand Larsen,Norway,2,1.7,0,0,2,2025-11-16,1.0,36,0.05555555555555555,jrgen strand larsen,0.255,0.6375,0.51,78.0,0.09821428571428573,2026
Nicolás González,Argentina,2,1.7,0,0,2,2024-09-10,1.0,40,0.05,nicolas gonzalez,0.255,0.6375,0.51,78.0,0.09821428571428573,2026
Ali Jasim,Iraq,2,1.7,0,0,2,2024-06-11,1.0,50,0.04,ali jasim,0.255,0.6375,0.51,78.0,0.09821428571428573,2026
Noor Al-Rawabdeh,Jordan,2,1.7,0,0,2,2024-09-10,1.0,53,0.03773584905660377,noor alrawabdeh,0.255,0.6375,0.51,78.0,0.09821428571428573,2026
Kenny McLean,Scotland,2,1.7,0,0,2,2025-11-18,1.0,39,0.05128205128205128,kenny mclean,0.255,0.6375,0.51,78.0,0.09821428571428573,2026
Mostafa Meshaal,Qatar,2,1.7,0,0,2,2023-11-21,1.0,52,0.038461538461538464,mostafa meshaal,0.255,0.6375,0.51,78.0,0.09821428571428573,2026
Ramin Rezaeian,Iran,2,1.7,0,0,2,2023-11-21,1.0,42,0.047619047619047616,ramin rezaeian,0.255,0.6375,0.51,78.0,0.09821428571428573,2026
Karim Konaté,Ivory Coast,2,1.7,1,0,1,2023-11-17,2.0,47,0.0425531914893617,karim konate,0.255,0.6375,0.51,78.0,0.09821428571428573,2026
Rafael Santos Borré,Colombia,2,1.7,1,0,2,2023-11-21,1.0,44,0.045454545454545456,rafael santos borre,0.255,0.6375,0.51,78.0,0.09821428571428573,2026
Diogo Jota,Portugal,2,1.7,0,0,1,2023-09-11,2.0,41,0.04878048780487805,diogo jota,0.255,0.6375,0.51,78.0,0.09821428571428573,2026
Nathan Aké,Netherlands,2,1.7,0,0,1,2023-03-27,2.0,42,0.047619047619047616,nathan ake,0.255,0.6375,0.51,78.0,0.09821428571428573,2026
Rade Krunić,Bosnia and Herzegovina,2,1.7,0,0,1,2023-03-23,2.0,35,0.05714285714285714,rade krunic,0.255,0.6375,0.51,78.0,0.09821428571428573,2026
Thapelo Morena,South Africa,2,1.7,0,0,1,2024-06-11,2.0,51,0.0392156862745098,thapelo morena,0.255,0.6375,0.51,78.0,0.09821428571428573,2026
Alexis Mac Allister,Argentina,2,1.7,0,0,2,2025-03-25,1.0,40,0.05,alexis mac allister,0.255,0.6375,0.51,78.0,0.09821428571428573,2026
Nikola Vlašić,Croatia,2,1.7,0,0,2,2025-11-17,1.0,39,0.05128205128205128,nikola vlasic,0.255,0.6375,0.51,78.0,0.09821428571428573,2026
Oh Se-hun,South Korea,2,1.7,0,0,2,2024-11-14,1.0,44,0.045454545454545456,oh sehun,0.255,0.6375,0.51,78.0,0.09821428571428573,2026
Sarpreet Singh,New Zealand,2,1.7,0,0,2,2025-03-21,1.0,35,0.05714285714285714,sarpreet singh,0.255,0.6375,0.51,78.0,0.09821428571428573,2026
Lawrence Shankland,Scotland,2,1.7,0,0,2,2025-11-18,1.0,39,0.05128205128205128,lawrence shankland,0.255,0.6375,0.51,78.0,0.09821428571428573,2026
Matías Galarza,Paraguay,2,1.7,0,0,2,2025-09-09,1.0,35,0.05714285714285714,matias galarza,0.255,0.6375,0.51,78.0,0.09821428571428573,2026
Ruben Providence,Haiti,2,1.7,0,0,2,2025-11-18,1.0,36,0.05555555555555555,ruben providence,0.255,0.6375,0.51,78.0,0.09821428571428573,2026
Lewis Miller,Australia,2,1.7,0,0,2,2025-03-20,1.0,40,0.05,lewis miller,0.255,0.6375,0.51,78.0,0.09821428571428573,2026
Mateo Kovačić,Croatia,2,1.7,0,0,1,2023-03-28,2.0,39,0.05128205128205128,mateo kovacic,0.255,0.6375,0.51,78.0,0.09821428571428573,2026
Louicius Don Deedson,Haiti,2,1.7,0,0,2,2025-06-10,1.0,36,0.05555555555555555,louicius don deedson,0.255,0.6375,0.51,78.0,0.09821428571428573,2026
Emil Forsberg,Sweden,2,1.7,0,0,2,2023-11-19,1.0,40,0.05,emil forsberg,0.255,0.6375,0.51,78.0,0.09821428571428573,2026
Martin Ødegaard,Norway,2,1.7,0,0,2,2025-09-09,1.0,36,0.05555555555555555,martin degaard,0.255,0.6375,0.51,78.0,0.09821428571428573,2026
Joo Min-kyu,South Korea,2,1.7,0,0,2,2024-09-10,1.0,44,0.045454545454545456,joo minkyu,0.255,0.6375,0.51,78.0,0.09821428571428573,2026
Lucas Mendes,Qatar,2,1.7,0,0,2,2025-03-25,1.0,52,0.038461538461538464,lucas mendes,0.255,0.6375,0.51,78.0,0.09821428571428573,2026
Che Adams,Scotland,2,1.7,0,0,2,2025-10-12,1.0,39,0.05128205128205128,che adams,0.255,0.6375,0.51,78.0,0.09821428571428573,2026
Mohamed El Amine Amoura,Algeria,2,1.7,0,0,1,2025-03-21,2.0,51,0.0392156862745098,mohamed el amine amoura,0.255,0.6375,0.51,78.0,0.09821428571428573,2026
Jordi Paulina,Curaçao,2,1.7,1,0,1,2025-11-13,2.0,36,0.05555555555555555,jordi paulina,0.255,0.6375,0.51,78.0,0.09821428571428573,2026
Luiz Henrique,Brazil,2,1.7,0,0,2,2024-10-15,1.0,39,0.05128205128205128,luiz henrique,0.255,0.6375,0.51,78.0,0.09821428571428573,2026
Khojimat Erkinov,Uzbekistan,2,1.7,0,0,2,2025-03-25,1.0,44,0.045454545454545456,khojimat erkinov,0.255,0.6375,0.51,78.0,0.09821428571428573,2026
Ricardo Horta,Portugal,2,1.7,0,0,2,2023-11-19,1.0,41,0.04878048780487805,ricardo horta,0.255,0.6375,0.51,78.0,0.09821428571428573,2026
Mohammed Salisu,Ghana,2,1.7,0,0,2,2025-10-08,1.0,39,0.05128205128205128,mohammed salisu,0.255,0.6375,0.51,78.0,0.09821428571428573,2026
Marcus Thuram,France,2,1.7,0,0,2,2023-11-18,1.0,42,0.047619047619047616,marcus thuram,0.255,0.6375,0.51,78.0,0.09821428571428573,2026
Salem Al-Dawsari,Saudi Arabia,2,1.7,0,0,2,2025-03-20,1.0,58,0.034482758620689655,salem aldawsari,0.255,0.6375,0.51,78.0,0.09821428571428573,2026
Lyndon Dykes,Scotland,2,1.7,0,0,2,2025-10-09,1.0,39,0.05128205128205128,lyndon dykes,0.255,0.6375,0.51,78.0,0.09821428571428573,2026
Ollie Watkins,England,2,1.6,0,1,2,2024-11-14,1.0,42,0.047619047619047616,ollie watkins,0.24,0.6,0.48,78.0,0.09419642857142857,2026
Lukáš Červ,Czechia,2,1.45,0,0,2,2025-09-05,1.0,40,0.05,lukas cerv,0.2175,0.54375,0.435,78.0,0.08816964285714288,2026
Noa Lang,Netherlands,2,1.45,0,0,2,2025-06-10,1.0,42,0.047619047619047616,noa lang,0.2175,0.54375,0.435,78.0,0.08816964285714288,2026
Rafael Leão,Portugal,2,1.45,0,0,2,2024-11-15,1.0,41,0.04878048780487805,rafael leao,0.2175,0.54375,0.435,78.0,0.08816964285714288,2026
Teun Koopmeiners,Netherlands,2,1.45,0,0,2,2024-11-16,1.0,42,0.047619047619047616,teun koopmeiners,0.2175,0.54375,0.435,78.0,0.08816964285714288,2026
Álex Baena,Spain,2,1.45,0,0,2,2024-10-15,1.0,43,0.046511627906976744,alex baena,0.2175,0.54375,0.435,78.0,0.08816964285714288,2026
Trent Alexander-Arnold,England,2,1.45,0,0,2,2024-10-13,1.0,42,0.047619047619047616,trent alexanderarnold,0.2175,0.54375,0.435,78.0,0.08816964285714288,2026
İrfan Can Kahveci,Türkiye,2,1.45,0,0,2,2025-10-11,1.0,41,0.04878048780487805,irfan can kahveci,0.2175,0.54375,0.435,78.0,0.08816964285714288,2026
Joško Gvardiol,Croatia,2,1.45,0,0,2,2025-11-14,1.0,39,0.05128205128205128,josko gvardiol,0.2175,0.54375,0.435,78.0,0.08816964285714288,2026
Orkun Kökçü,Türkiye,2,1.45,0,0,2,2025-03-20,1.0,41,0.04878048780487805,orkun kokcu,0.2175,0.54375,0.435,78.0,0.08816964285714288,2026
Abdülkerim Bardakcı,Türkiye,2,1.45,0,0,2,2025-03-23,1.0,41,0.04878048780487805,abdulkerim bardakc,0.2175,0.54375,0.435,78.0,0.08816964285714288,2026
Anthony Gordon,England,2,1.45,0,0,2,2025-10-14,1.0,42,0.047619047619047616,anthony gordon,0.2175,0.54375,0.435,78.0,0.08816964285714288,2026
Yasin Ayari,Sweden,2,1.45,0,0,2,2025-09-05,1.0,40,0.05,yasin ayari,0.2175,0.54375,0.435,78.0,0.08816964285714288,2026
Martin Zubimendi,Spain,2,1.45,0,0,2,2025-11-15,1.0,43,0.046511627906976744,martin zubimendi,0.2175,0.54375,0.435,78.0,0.08816964285714288,2026
Felix Horn Myhre,Norway,2,1.45,0,0,2,2025-09-09,1.0,36,0.05555555555555555,felix horn myhre,0.2175,0.54375,0.435,78.0,0.08816964285714288,2026
Adam Hložek,Czechia,2,1.45,0,0,2,2025-06-06,1.0,40,0.05,adam hlozek,0.2175,0.54375,0.435,78.0,0.08816964285714288,2026
Christopher Nkunku,France,2,1.45,0,0,2,2025-10-13,1.0,42,0.047619047619047616,christopher nkunku,0.2175,0.54375,0.435,78.0,0.08816964285714288,2026
Firas Chaouat,Tunisia,2,1.35,0,0,2,2026-01-03,1.0,48,0.041666666666666664,firas chaouat,0.2025,0.5062500000000001,0.405,78.0,0.08415178571428572,2026
Oumar Diakité,Ivory Coast,2,1.35,0,0,2,2025-10-10,1.0,47,0.0425531914893617,oumar diakite,0.2025,0.5062500000000001,0.405,78.0,0.08415178571428572,2026
Percy Tau,South Africa,2,1.35,1,0,2,2024-01-21,1.0,51,0.0392156862745098,percy tau,0.2025,0.5062500000000001,0.405,78.0,0.08415178571428572,2026
Ismaël Gharbi,Tunisia,2,1.35,1,0,2,2025-12-30,1.0,48,0.041666666666666664,ismael gharbi,0.2025,0.5062500000000001,0.405,78.0,0.08415178571428572,2026
Farès Chaïbi,Algeria,2,1.35,0,0,2,2025-12-31,1.0,51,0.0392156862745098,fares chaibi,0.2025,0.5062500000000001,0.405,78.0,0.08415178571428572,2026
Nathanaël Mbuku,Congo DR,2,1.35,0,0,2,2025-12-30,1.0,47,0.0425531914893617,nathanael mbuku,0.2025,0.5062500000000001,0.405,78.0,0.08415178571428572,2026
Chancel Mbemba,Congo DR,2,1.35,0,0,2,2025-11-13,1.0,47,0.0425531914893617,chancel mbemba,0.2025,0.5062500000000001,0.405,78.0,0.08415178571428572,2026
Hamza Rafia,Tunisia,2,1.35,0,0,2,2024-01-20,1.0,48,0.041666666666666664,hamza rafia,0.2025,0.5062500000000001,0.405,78.0,0.08415178571428572,2026
Ali Abdi,Tunisia,2,1.35,2,0,2,2025-12-27,1.0,48,0.041666666666666664,ali abdi,0.2025,0.5062500000000001,0.405,78.0,0.08415178571428572,2026
Sebastian Nanasi,Sweden,2,1.2,0,0,1,2024-10-14,2.0,40,0.05,sebastian nanasi,0.18,0.44999999999999996,0.36,78.0,0.07812500000000001,2026
Yeremy Pino,Spain,2,1.2,0,0,2,2024-11-18,1.0,43,0.046511627906976744,yeremy pino,0.18,0.44999999999999996,0.36,78.0,0.07812500000000001,2026
Jack Grealish,England,2,1.2,0,0,2,2024-10-13,1.0,42,0.047619047619047616,jack grealish,0.18,0.44999999999999996,0.36,78.0,0.07812500000000001,2026
Francisco Trincão,Portugal,2,1.2,0,0,1,2025-03-23,2.0,41,0.04878048780487805,francisco trincao,0.18,0.44999999999999996,0.36,78.0,0.07812500000000001,2026
Ali Al-Bulaihi,Saudi Arabia,1,1.0,0,1,1,2024-01-16,1.0,58,0.017241379310344827,ali albulaihi,0.15,0.375,0.3,78.0,0.07008928571428572,2026
Junior Hoilett,Canada,1,1.0,1,1,1,2023-07-04,1.0,45,0.022222222222222223,junior hoilett,0.15,0.375,0.3,78.0,0.07008928571428572,2026
Liam Millar,Canada,1,1.0,0,1,1,2023-07-04,1.0,45,0.022222222222222223,liam millar,0.15,0.375,0.3,78.0,0.07008928571428572,2026
Tani Oluwaseyi,Canada,1,1.0,0,1,1,2025-06-17,1.0,45,0.022222222222222223,tani oluwaseyi,0.15,0.375,0.3,78.0,0.07008928571428572,2026
Alexis Vega,Mexico,1,1.0,0,1,1,2025-06-28,1.0,60,0.016666666666666666,alexis vega,0.15,0.375,0.3,78.0,0.07008928571428572,2026
Teboho Mokoena,South Africa,2,1.0,1,0,2,2024-02-07,1.0,51,0.0392156862745098,teboho mokoena,0.15,0.375,0.3,78.0,0.07008928571428572,2026
Facundo Pellistri,Uruguay,1,1.0,0,1,1,2024-06-27,1.0,42,0.023809523809523808,facundo pellistri,0.15,0.375,0.3,78.0,0.07008928571428572,2026
Jayden Nelson,Canada,1,1.0,0,1,1,2023-07-04,1.0,45,0.022222222222222223,jayden nelson,0.15,0.375,0.3,78.0,0.07008928571428572,2026
Ismaël Koné,Canada,1,1.0,0,1,1,2024-07-13,1.0,45,0.022222222222222223,ismael kone,0.15,0.375,0.3,78.0,0.07008928571428572,2026
Dani Carvajal,Spain,1,1.0,0,1,1,2024-06-15,1.0,43,0.023255813953488372,dani carvajal,0.15,0.375,0.3,78.0,0.07008928571428572,2026
Steven Vitória,Canada,1,1.0,1,1,1,2023-07-09,1.0,45,0.022222222222222223,steven vitoria,0.15,0.375,0.3,78.0,0.07008928571428572,2026
Jeremy Sarmiento,Ecuador,1,1.0,0,1,1,2024-06-22,1.0,41,0.024390243902439025,jeremy sarmiento,0.15,0.375,0.3,78.0,0.07008928571428572,2026
Karim Ansarifard,Iran,1,1.0,0,1,1,2024-01-14,1.0,42,0.023809523809523808,karim ansarifard,0.15,0.375,0.3,78.0,0.07008928571428572,2026
Stefan de Vrij,Netherlands,1,1.0,0,1,1,2024-07-06,1.0,42,0.023809523809523808,stefan de vrij,0.15,0.375,0.3,78.0,0.07008928571428572,2026
Iván Anderson,Panama,1,1.0,0,1,1,2023-07-12,1.0,57,0.017543859649122806,ivan anderson,0.15,0.375,0.3,78.0,0.07008928571428572,2026
Ibrahim Maza,Algeria,2,1.0,0,0,2,2025-12-31,1.0,51,0.0392156862745098,ibrahim maza,0.15,0.375,0.3,78.0,0.07008928571428572,2026
Kwadwo Duah,Switzerland,1,1.0,0,1,1,2024-06-15,1.0,41,0.024390243902439025,kwadwo duah,0.15,0.375,0.3,78.0,0.07008928571428572,2026
Sávio,Brazil,1,1.0,0,1,1,2024-06-28,1.0,39,0.02564102564102564,savio,0.15,0.375,0.3,78.0,0.07008928571428572,2026
Shojae Khalilzadeh,Iran,1,1.0,0,1,1,2024-01-14,1.0,42,0.023809523809523808,shojae khalilzadeh,0.15,0.375,0.3,78.0,0.07008928571428572,2026
Lisandro Martínez,Argentina,1,1.0,0,1,1,2024-07-04,1.0,40,0.025,lisandro martinez,0.15,0.375,0.3,78.0,0.07008928571428572,2026
Lucas Cavallini,Canada,1,1.0,0,1,1,2023-06-27,1.0,45,0.022222222222222223,lucas cavallini,0.15,0.375,0.3,78.0,0.07008928571428572,2026
Cole Palmer,England,1,1.0,0,1,1,2024-07-14,1.0,42,0.023809523809523808,cole palmer,0.15,0.375,0.3,78.0,0.07008928571428572,2026
Samet Akaydin,Türkiye,1,1.0,0,1,1,2024-07-06,1.0,41,0.024390243902439025,samet akaydin,0.15,0.375,0.3,78.0,0.07008928571428572,2026
Luis Suárez,Uruguay,1,1.0,0,1,1,2024-07-13,1.0,42,0.023809523809523808,luis suarez,0.15,0.375,0.3,78.0,0.07008928571428572,2026
Jordan Bos,Australia,1,1.0,0,1,1,2024-01-13,1.0,40,0.025,jordan bos,0.15,0.375,0.3,78.0,0.07008928571428572,2026
Richard Ríos,Colombia,1,1.0,0,1,1,2024-07-06,1.0,44,0.022727272727272728,richard rios,0.15,0.375,0.3,78.0,0.07008928571428572,2026
Emre Can,Germany,1,1.0,0,1,1,2024-06-14,1.0,42,0.023809523809523808,emre can,0.15,0.375,0.3,78.0,0.07008928571428572,2026
Wataru Endō,Japan,1,1.0,0,1,1,2024-01-19,1.0,41,0.024390243902439025,wataru endo,0.15,0.375,0.3,78.0,0.07008928571428572,2026
Faisal Al-Ghamdi,Saudi Arabia,1,1.0,0,1,1,2024-01-21,1.0,58,0.017241379310344827,faisal alghamdi,0.15,0.375,0.3,78.0,0.07008928571428572,2026
Jassem Gaber,Qatar,1,1.0,0,1,1,2024-02-07,1.0,52,0.019230769230769232,jassem gaber,0.15,0.375,0.3,78.0,0.07008928571428572,2026
Jonathan Osorio,Canada,1,1.0,0,1,1,2023-07-04,1.0,45,0.022222222222222223,jonathan osorio,0.15,0.375,0.3,78.0,0.07008928571428572,2026
Jeong Woo-yeong,South Korea,1,1.0,0,1,1,2024-01-25,1.0,44,0.022727272727272728,jeong wooyeong,0.15,0.375,0.3,78.0,0.07008928571428572,2026
Promise David,Canada,1,1.0,0,1,1,2025-06-17,1.0,45,0.022222222222222223,promise david,0.15,0.375,0.3,78.0,0.07008928571428572,2026
Haji Wright,United States,1,1.0,0,1,1,2025-06-15,1.0,56,0.017857142857142856,haji wright,0.15,0.375,0.3,78.0,0.07008928571428572,2026
Abdoulaye Seck,Senegal,2,1.0,0,0,2,2025-12-30,1.0,47,0.0425531914893617,abdoulaye seck,0.15,0.375,0.3,78.0,0.07008928571428572,2026
Gerardo Arteaga,Mexico,1,1.0,0,1,1,2024-06-22,1.0,60,0.016666666666666666,gerardo arteaga,0.15,0.375,0.3,78.0,0.07008928571428572,2026
Nizar Al-Rashdan,Jordan,1,1.0,0,1,1,2024-01-29,1.0,53,0.018867924528301886,nizar alrashdan,0.15,0.375,0.3,78.0,0.07008928571428572,2026
Gaël Kakuta,Congo DR,2,1.0,1,0,1,2025-12-30,2.0,47,0.0425531914893617,gael kakuta,0.15,0.375,0.3,78.0,0.07008928571428572,2026
Érick Sánchez,Mexico,1,1.0,0,1,1,2023-07-08,1.0,60,0.016666666666666666,erick sanchez,0.15,0.375,0.3,78.0,0.07008928571428572,2026
Christian Pulisic,United States,1,1.0,0,1,1,2024-06-23,1.0,56,0.017857142857142856,christian pulisic,0.15,0.375,0.3,78.0,0.07008928571428572,2026
Odiljon Hamrobekov,Uzbekistan,1,1.0,0,1,1,2024-02-03,1.0,44,0.022727272727272728,odiljon hamrobekov,0.15,0.375,0.3,78.0,0.07008928571428572,2026
İlkay Gündoğan,Germany,1,1.0,0,1,1,2024-06-19,1.0,42,0.023809523809523808,ilkay gundogan,0.15,0.375,0.3,78.0,0.07008928571428572,2026
Niko Sigur,Canada,1,1.0,0,1,1,2025-06-17,1.0,45,0.022222222222222223,niko sigur,0.15,0.375,0.3,78.0,0.07008928571428572,2026
Hwang In-beom,South Korea,1,1.0,0,1,1,2024-01-15,1.0,44,0.022727272727272728,hwang inbeom,0.15,0.375,0.3,78.0,0.07008928571428572,2026
Hazem Shehata,Qatar,1,1.0,0,1,1,2023-07-02,1.0,52,0.019230769230769232,hazem shehata,0.15,0.375,0.3,78.0,0.07008928571428572,2026
Mohamed Kanno,Saudi Arabia,1,1.0,0,1,1,2024-01-21,1.0,58,0.017241379310344827,mohamed kanno,0.15,0.375,0.3,78.0,0.07008928571428572,2026
Brenden Aaronson,United States,1,1.0,0,1,1,2025-06-15,1.0,56,0.017857142857142856,brenden aaronson,0.15,0.375,0.3,78.0,0.07008928571428572,2026
Gernot Trauner,Austria,1,1.0,0,1,1,2024-06-21,1.0,40,0.025,gernot trauner,0.15,0.375,0.3,78.0,0.07008928571428572,2026
Bazoumana Touré,Ivory Coast,2,1.0,0,0,2,2026-01-06,1.0,47,0.0425531914893617,bazoumana toure,0.15,0.375,0.3,78.0,0.07008928571428572,2026
Max Mata,New Zealand,2,1.0,0,0,2,2024-06-30,1.0,35,0.05714285714285714,max mata,0.15,0.375,0.3,78.0,0.07008928571428572,2026
Rebin Sulaka,Iraq,1,1.0,0,1,1,2024-01-24,1.0,50,0.02,rebin sulaka,0.15,0.375,0.3,78.0,0.07008928571428572,2026
Matías Viña,Uruguay,1,1.0,0,1,1,2024-06-23,1.0,42,0.023809523809523808,matias vina,0.15,0.375,0.3,78.0,0.07008928571428572,2026
Cade Cowell,United States,1,1.0,0,1,1,2023-07-02,1.0,56,0.017857142857142856,cade cowell,0.15,0.375,0.3,78.0,0.07008928571428572,2026
Maximilian Arfsten,United States,1,1.0,0,1,1,2025-06-29,1.0,56,0.017857142857142856,maximilian arfsten,0.15,0.375,0.3,78.0,0.07008928571428572,2026
Ramón Sosa,Paraguay,1,1.0,0,1,1,2024-07-02,1.0,35,0.02857142857142857,ramon sosa,0.15,0.375,0.3,78.0,0.07008928571428572,2026
Saad Natiq,Iraq,1,1.0,0,1,1,2024-01-29,1.0,50,0.02,saad natiq,0.15,0.375,0.3,78.0,0.07008928571428572,2026
Gianluca Busio,United States,1,1.0,0,1,1,2023-07-02,1.0,56,0.017857142857142856,gianluca busio,0.15,0.375,0.3,78.0,0.07008928571428572,2026
Rodri,Spain,1,1.0,0,1,1,2024-06-30,1.0,43,0.023255813953488372,rodri,0.15,0.375,0.3,78.0,0.07008928571428572,2026
Miguel Borja,Colombia,1,1.0,1,1,1,2024-07-06,1.0,44,0.022727272727272728,miguel borja,0.15,0.375,0.3,78.0,0.07008928571428572,2026
Roberto Alvarado,Mexico,1,1.0,0,1,1,2023-07-12,1.0,60,0.016666666666666666,roberto alvarado,0.15,0.375,0.3,78.0,0.07008928571428572,2026
Lukáš Provod,Czechia,1,1.0,0,1,1,2024-06-18,1.0,40,0.025,lukas provod,0.15,0.375,0.3,78.0,0.07008928571428572,2026
Michel Aebischer,Switzerland,1,1.0,0,1,1,2024-06-15,1.0,41,0.024390243902439025,michel aebischer,0.15,0.375,0.3,78.0,0.07008928571428572,2026
Bryan Reynolds,United States,1,1.0,0,1,1,2023-06-28,1.0,56,0.017857142857142856,bryan reynolds,0.15,0.375,0.3,78.0,0.07008928571428572,2026
Gerson,Brazil,1,0.85,0,0,1,2024-11-19,1.0,39,0.02564102564102564,gerson,0.1275,0.31875,0.255,78.0,0.06406250000000001,2026
John Iredale,Australia,1,0.85,0,0,1,2024-03-26,1.0,40,0.025,john iredale,0.1275,0.31875,0.255,78.0,0.06406250000000001,2026
Igor Jesus,Brazil,1,0.85,0,0,1,2024-10-10,1.0,39,0.02564102564102564,igor jesus,0.1275,0.31875,0.255,78.0,0.06406250000000001,2026
Ibrahim Adel,Egypt,1,0.85,0,0,1,2025-10-08,1.0,49,0.02040816326530612,ibrahim adel,0.1275,0.31875,0.255,78.0,0.06406250000000001,2026
Gabriel Martinelli,Brazil,1,0.85,0,0,1,2023-11-16,1.0,39,0.02564102564102564,gabriel martinelli,0.1275,0.31875,0.255,78.0,0.06406250000000001,2026
Giuliano Simeone,Argentina,1,0.85,0,0,1,2025-03-25,1.0,40,0.025,giuliano simeone,0.1275,0.31875,0.255,78.0,0.06406250000000001,2026
Fredrik Aursnes,Norway,1,0.85,0,0,1,2023-10-12,1.0,36,0.027777777777777776,fredrik aursnes,0.1275,0.31875,0.255,78.0,0.06406250000000001,2026
Gustaf Lagerbielke,Sweden,1,0.85,0,0,1,2026-03-31,1.0,40,0.025,gustaf lagerbielke,0.1275,0.31875,0.255,78.0,0.06406250000000001,2026
Gustav Lundgren,Sweden,1,0.85,0,0,1,2025-11-18,1.0,40,0.025,gustav lundgren,0.1275,0.31875,0.255,78.0,0.06406250000000001,2026
Francis de Vries,New Zealand,1,0.85,0,0,1,2024-11-18,1.0,35,0.02857142857142857,francis de vries,0.1275,0.31875,0.255,78.0,0.06406250000000001,2026
Jan Vertonghen,Belgium,1,0.85,0,0,1,2023-09-12,1.0,40,0.025,jan vertonghen,0.1275,0.31875,0.255,78.0,0.06406250000000001,2026
Ibrahim Sadeh,Jordan,1,0.85,0,0,1,2024-06-06,1.0,53,0.018867924528301886,ibrahim sadeh,0.1275,0.31875,0.255,78.0,0.06406250000000001,2026
Jaloliddin Masharipov,Uzbekistan,1,0.85,0,0,1,2024-09-05,1.0,44,0.022727272727272728,jaloliddin masharipov,0.1275,0.31875,0.255,78.0,0.06406250000000001,2026
Jayden Adams,South Africa,1,0.85,0,0,1,2025-03-25,1.0,51,0.0196078431372549,jayden adams,0.1275,0.31875,0.255,78.0,0.06406250000000001,2026
Johan Bakayoko,Belgium,1,0.85,0,0,1,2023-06-20,1.0,40,0.025,johan bakayoko,0.1275,0.31875,0.255,78.0,0.06406250000000001,2026
Esmir Bajraktarević,Bosnia and Herzegovina,1,0.85,0,0,1,2025-11-15,1.0,35,0.02857142857142857,esmir bajraktarevic,0.1275,0.31875,0.255,78.0,0.06406250000000001,2026
Jesper Karlsson,Sweden,1,0.85,0,0,1,2023-03-27,1.0,40,0.025,jesper karlsson,0.1275,0.31875,0.255,78.0,0.06406250000000001,2026
Jearl Margaritha,Curaçao,1,0.85,0,0,1,2025-06-10,1.0,36,0.027777777777777776,jearl margaritha,0.1275,0.31875,0.255,78.0,0.06406250000000001,2026
Jean-Kévin Duverne,Haiti,1,0.85,0,0,1,2024-06-06,1.0,36,0.027777777777777776,jeankevin duverne,0.1275,0.31875,0.255,78.0,0.06406250000000001,2026
Jaouen Hadjam,Algeria,1,0.85,0,0,1,2025-03-25,1.0,51,0.0196078431372549,jaouen hadjam,0.1275,0.31875,0.255,78.0,0.06406250000000001,2026
Jan Kuchta,Czechia,1,0.85,0,0,1,2023-03-24,1.0,40,0.025,jan kuchta,0.1275,0.31875,0.255,78.0,0.06406250000000001,2026
Iqraam Rayners,South Africa,1,0.85,0,0,1,2024-06-11,1.0,51,0.0196078431372549,iqraam rayners,0.1275,0.31875,0.255,78.0,0.06406250000000001,2026
Jan Kliment,Czechia,1,0.85,0,0,1,2025-03-25,1.0,40,0.025,jan kliment,0.1275,0.31875,0.255,78.0,0.06406250000000001,2026
Estêvão Willian,Brazil,1,0.85,0,0,1,2025-09-04,1.0,39,0.02564102564102564,estevao willian,0.1275,0.31875,0.255,78.0,0.06406250000000001,2026
Ezri Konsa,England,1,0.85,0,0,1,2025-09-09,1.0,42,0.023809523809523808,ezri konsa,0.1275,0.31875,0.255,78.0,0.06406250000000001,2026
Haris Hajradinović,Bosnia and Herzegovina,1,0.85,0,0,1,2025-03-24,1.0,35,0.02857142857142857,haris hajradinovic,0.1275,0.31875,0.255,78.0,0.06406250000000001,2026
Florian Thauvin,France,1,0.85,0,0,1,2025-10-10,1.0,42,0.023809523809523808,florian thauvin,0.1275,0.31875,0.255,78.0,0.06406250000000001,2026
David Raum,Germany,1,0.85,0,0,1,2025-10-10,1.0,42,0.023809523809523808,david raum,0.1275,0.31875,0.255,78.0,0.06406250000000001,2026
Florian Kainz,Austria,1,0.85,0,0,1,2023-03-27,1.0,40,0.025,florian kainz,0.1275,0.31875,0.255,78.0,0.06406250000000001,2026
Kye Rowles,Australia,1,0.85,0,0,1,2024-03-21,1.0,40,0.025,kye rowles,0.1275,0.31875,0.255,78.0,0.06406250000000001,2026
