player,team,minutes,goals,assists,def_actions,key_passes,carries,duels_total,duels_won,duel_win_rate,goals_assists_per90,def_per90,creation_per90,pot_score,year
Gonçalo Matias Ramos,Portugal,102.5,3.0,0.0,38.0,0.0,32.0,8.0,0.0,0.0,2.6341463414634148,33.36585365853659,2.809756097560976,0.5419050368018474,2022
Wout Weghorst,Netherlands,90.0,3.0,0.0,34.0,0.0,7.0,4.0,0.0,0.0,3.0,34.0,0.7000000000000001,0.5162311844700509,2022
Álvaro Borja Morata Martín,Spain,107.5,3.0,0.0,28.0,0.0,35.0,2.0,0.0,0.0,2.511627906976744,23.441860465116278,2.9302325581395348,0.5033667697522326,2022
Marcus Rashford,England,148.0,3.0,0.0,25.0,0.0,70.0,7.0,0.0,0.0,1.8243243243243243,15.202702702702704,4.256756756756757,0.4375633906251315,2022
Rafael Alexandre Conceição Leão,Portugal,104.5,2.0,0.0,13.0,0.0,57.0,1.0,0.0,0.0,1.7224880382775118,11.196172248803826,4.909090909090909,0.43681178186824887,2022
Vincent Paté Aboubakar,Cameroon,90.5,2.0,0.0,15.0,0.0,35.0,5.0,0.0,0.0,1.988950276243094,14.917127071823204,3.4806629834254146,0.43073662530906365,2022
Kai Havertz,Germany,90.0,2.0,0.0,23.0,0.0,27.0,3.0,0.0,0.0,2.0,23.0,2.7,0.42565737568774004,2022
Randal Kolo Muani,France,129.5,2.0,0.0,68.0,0.0,45.0,16.0,0.0,0.0,1.38996138996139,47.25868725868726,3.1274131274131274,0.42464886027639065,2022
Giorgian Daniel De Arrascaeta Benedetti,Uruguay,104.5,2.0,0.0,35.0,0.0,36.0,9.0,0.0,0.0,1.7224880382775118,30.143540669856456,3.1004784688995213,0.4222230252168458,2022
Olivier Giroud,France,190.0,4.0,0.0,82.0,0.0,37.0,21.0,0.0,0.0,1.894736842105263,38.8421052631579,1.7526315789473685,0.41981191299644316,2022
Takuma Asano,Japan,105.0,2.0,0.0,38.0,0.0,30.0,9.0,0.0,0.0,1.7142857142857142,32.57142857142857,2.571428571428571,0.40852916314454774,2022
Daizen Maeda,Japan,91.5,1.0,0.0,95.0,0.0,7.0,12.0,0.0,0.0,0.9836065573770493,93.44262295081968,0.6885245901639345,0.4059996119895237,2022
Richarlison de Andrade,Brazil,188.5,3.0,0.0,73.0,0.0,66.0,13.0,0.0,0.0,1.4323607427055702,34.85411140583554,3.151193633952255,0.3979727759434371,2022
Mislav Oršić,Croatia,123.5,2.0,0.0,32.0,0.0,52.0,3.0,0.0,0.0,1.45748987854251,23.31983805668016,3.7894736842105265,0.39350259797734755,2022
Enner Remberto Valencia Lastra,Ecuador,187.0,3.0,0.0,54.0,0.0,74.0,15.0,0.0,0.0,1.443850267379679,25.989304812834224,3.5614973262032086,0.3905972450983168,2022
Kylian Mbappé Lottin,France,555.0,9.0,0.0,44.0,0.0,298.0,6.0,0.0,0.0,1.4594594594594594,7.135135135135135,4.832432432432432,0.38810928648985327,2022
Nikola Vlašić,Croatia,151.0,2.0,0.0,43.0,0.0,69.0,9.0,0.0,0.0,1.1920529801324502,25.629139072847682,4.112582781456954,0.3759519223035055,2022
Gonzalo Ariel Montiel,Argentina,137.0,2.0,0.0,21.0,0.0,62.0,2.0,0.0,0.0,1.3138686131386863,13.795620437956206,4.072992700729928,0.35910516313675395,2022
Bukayo Saka,England,242.5,3.0,0.0,62.0,0.0,110.0,11.0,0.0,0.0,1.11340206185567,23.010309278350515,4.082474226804123,0.3573718564085441,2022
Ritsu Doan,Japan,156.5,2.0,0.0,59.0,0.0,54.0,10.0,0.0,0.0,1.1501597444089458,33.9297124600639,3.1054313099041533,0.3562210273590284,2022
Julián Álvarez,Argentina,329.0,4.0,0.0,138.0,0.0,106.0,18.0,0.0,0.0,1.094224924012158,37.75075987841945,2.899696048632219,0.35156008174786707,2022
Sam Adekugbe,Canada,110.0,0.0,0.0,17.0,0.0,53.0,,,0.5,0.0,13.909090909090908,4.336363636363637,0.3437325528722289,2022
Martin Hongla Yma II,Cameroon,108.0,0.0,0.0,23.0,0.0,47.0,,,0.5,0.0,19.166666666666668,3.916666666666667,0.3426500484445828,2022
Bruno Guimarães Rodriguez Moura,Brazil,97.5,0.0,0.0,10.0,0.0,49.0,,,0.5,0.0,9.230769230769232,4.523076923076924,0.33795534580648257,2022
Ricardo Jorge Luz Horta,Portugal,90.0,1.0,0.0,29.0,0.0,35.0,2.0,0.0,0.0,1.0,29.0,3.5,0.3372524135783245,2022
Niclas Füllkrug,Germany,90.0,2.0,0.0,10.0,0.0,12.0,6.0,0.0,0.0,2.0,10.0,1.2000000000000002,0.3367346620990345,2022
Lionel Andrés Messi Cuccittini,Argentina,776.5,9.0,0.0,104.0,0.0,391.0,15.0,0.0,0.0,1.0431423052157114,12.054088860270443,4.531873792659369,0.3349121249536014,2022
Haji Wright,United States,92.0,1.0,0.0,40.0,0.0,26.0,15.0,0.0,0.0,0.9782608695652175,39.130434782608695,2.5434782608695654,0.32693187819045944,2022
Breel-Donald Embolo,Switzerland,194.5,2.0,0.0,63.0,0.0,75.0,15.0,0.0,0.0,0.9254498714652957,29.151670951156813,3.470437017994859,0.3266511165426686,2022
Mohammed Kudus,Ghana,219.0,2.0,0.0,62.0,0.0,100.0,11.0,0.0,0.0,0.8219178082191781,25.47945205479452,4.109589041095891,0.32609202953887106,2022
Lovro Majer,Croatia,187.0,2.0,0.0,25.0,0.0,95.0,2.0,0.0,0.0,0.9625668449197861,12.032085561497325,4.572192513368984,0.3255651528752267,2022
Hiroki Ito,Japan,90.0,0.0,0.0,2.0,0.0,46.0,,,0.5,0.0,2.0,4.6000000000000005,0.32138638015156235,2022
Jack Grealish,England,117.0,1.0,0.0,24.0,0.0,61.0,4.0,0.0,0.0,0.7692307692307692,18.46153846153846,4.6923076923076925,0.3213241341861709,2022
Ferrán Torres García,Spain,205.5,2.0,0.0,36.0,0.0,102.0,6.0,0.0,0.0,0.8759124087591241,15.766423357664234,4.467153284671533,0.3202108627505359,2022
Mehdi Taremi,Iran,208.5,2.0,0.0,79.0,0.0,71.0,13.0,0.0,0.0,0.8633093525179856,34.10071942446043,3.064748201438849,0.31696338351305875,2022
Unai Simón Mendibil,Spain,214.5,0.0,0.0,0.0,0.0,109.0,,,0.5,0.0,0.0,4.573426573426573,0.3150763437745686,2022
Bassam Hisham Al Rawi,Qatar,90.0,0.0,0.0,8.0,0.0,39.0,,,0.5,0.0,8.0,3.9000000000000004,0.31217273954116054,2022
André Ayew Pelé,Ghana,114.5,1.0,0.0,49.0,0.0,36.0,18.0,0.0,0.0,0.7860262008733625,38.515283842794766,2.829694323144105,0.3099856660850597,2022
Yann Sommer,Switzerland,162.5,0.0,0.0,1.0,0.0,79.0,,,0.5,0.0,0.5538461538461539,4.375384615384616,0.3094098651270871,2022
Jordan Pickford,England,215.5,0.0,0.0,0.0,0.0,104.0,,,0.5,0.0,0.0,4.34338747099768,0.30677315723719434,2022
Eray Ervin Cömert,Switzerland,90.0,0.0,0.0,11.0,0.0,35.0,,,0.5,0.0,11.0,3.5,0.305761185508149,2022
Gue-Sung Cho,South Korea,183.5,2.0,0.0,75.0,0.0,43.0,16.0,0.0,0.0,0.9809264305177112,36.78474114441417,2.1089918256130793,0.30532888054261703,2022
Salem Mohammed Al Dawsari,Saudi Arabia,238.0,2.0,0.0,50.0,0.0,112.0,8.0,0.0,0.0,0.7563025210084033,18.907563025210084,4.23529411764706,0.30429792284400525,2022
Youssef En-Nesyri,Morocco,246.5,2.0,0.0,134.0,0.0,57.0,21.0,0.0,0.0,0.7302231237322515,48.92494929006085,2.081135902636917,0.3033767039392352,2022
Aleksandar Mitrović,Serbia,170.0,2.0,0.0,47.0,0.0,50.0,23.0,0.0,0.0,1.0588235294117647,24.88235294117647,2.6470588235294117,0.30329240478502206,2022
Michy Batshuayi Tunga,Belgium,90.0,1.0,0.0,20.0,0.0,32.0,4.0,0.0,0.0,1.0,20.0,3.2,0.30234506384303955,2022
Phil Foden,England,107.0,1.0,0.0,17.0,0.0,50.0,3.0,0.0,0.0,0.8411214953271028,14.299065420560748,4.205607476635514,0.30220583741053675,2022
Keysher Fuller Spence,Costa Rica,132.5,1.0,0.0,50.0,0.0,49.0,5.0,0.0,0.0,0.6792452830188679,33.96226415094339,3.328301886792453,0.3015639634981167,2022
Manuel Neuer,Germany,168.5,0.0,0.0,0.0,0.0,78.0,,,0.5,0.0,0.0,4.166172106824926,0.300376626341018,2022
Ao Tanaka,Japan,120.5,1.0,0.0,46.0,0.0,40.0,4.0,0.0,0.0,0.7468879668049793,34.35684647302905,2.987551867219917,0.29933940771543877,2022
Abdelhamid Sabiri,Morocco,121.0,1.0,0.0,37.0,0.0,47.0,3.0,0.0,0.0,0.743801652892562,27.52066115702479,3.495867768595041,0.29898560217846193,2022
Cody Mathès Gakpo,Netherlands,326.0,3.0,0.0,74.0,0.0,134.0,13.0,0.0,0.0,0.8282208588957055,20.429447852760735,3.6993865030674846,0.2986153330289094,2022
Henry Josué Martín Mex,Mexico,90.0,1.0,0.0,32.0,0.0,22.0,5.0,0.0,0.0,1.0,32.0,2.2,0.29835565244472123,2022
Jean-Charles Castelletto,Cameroon,132.5,1.0,0.0,28.0,0.0,63.0,2.0,0.0,0.0,0.6792452830188679,19.0188679245283,4.279245283018868,0.29590781687947676,2022
Matthew Charles Turner,United States,167.0,0.0,0.0,0.0,0.0,75.0,,,0.5,0.0,0.0,4.04191616766467,0.29589164865535195,2022
Cheikh Ahmadou Bamba Mbacke Dieng,Senegal,90.0,1.0,0.0,36.0,0.0,18.0,12.0,0.0,0.0,1.0,36.0,1.8,0.294619537008201,2022
Francisco Guillermo Ochoa Magaña,Mexico,133.0,0.0,0.0,0.0,0.0,59.0,,,0.5,0.0,0.0,3.992481203007519,0.29410730969435417,2022
Raheem Sterling,England,118.5,1.0,0.0,22.0,0.0,54.0,4.0,0.0,0.0,0.759493670886076,16.70886075949367,4.101265822784811,0.29400320890609416,2022
Hee-Chan Hwang,South Korea,144.0,1.0,0.0,33.0,0.0,68.0,3.0,0.0,0.0,0.625,20.625,4.25,0.2919166212498702,2022
Milan Borjan,Canada,126.0,0.0,0.0,0.0,0.0,54.0,,,0.5,0.0,0.0,3.8571428571428577,0.28922231614539307,2022
Saleh Khalid Al Shehri,Saudi Arabia,143.5,1.0,0.0,63.0,0.0,44.0,11.0,0.0,0.0,0.627177700348432,39.512195121951216,2.759581881533101,0.28894235516631084,2022
Thibaut Courtois,Belgium,157.0,0.0,0.0,0.0,0.0,67.0,,,0.5,0.0,0.0,3.8407643312101913,0.28863113858214295,2022
Matheus Luiz Nunes,Portugal,90.0,0.0,0.0,7.0,0.0,33.0,,,0.5,0.0,7.0,3.3000000000000003,0.28784049621094154,2022
Kasper Schmeichel,Denmark,125.0,0.0,0.0,0.0,0.0,53.0,,,0.5,0.0,0.0,3.8160000000000007,0.28773727810650884,2022
André Onana,Cameroon,90.0,0.0,0.0,0.0,0.0,38.0,,,0.5,0.0,0.0,3.8000000000000003,0.28715976331360943,2022
Vanja Milinković Savić,Serbia,171.5,0.0,0.0,0.0,0.0,72.0,,,0.5,0.0,0.0,3.778425655976677,0.2863810443873238,2022
Diogo Meireles Costa,Portugal,207.0,0.0,0.0,1.0,0.0,86.0,,,0.5,0.0,0.4347826086956522,3.739130434782609,0.286125930339097,2022
Aymen Dahmen,Tunisia,100.5,0.0,0.0,0.0,0.0,42.0,,,0.5,0.0,0.0,3.7611940298507465,0.285759074450234,2022
Carlos Soler Barragán,Spain,129.0,1.0,0.0,10.0,0.0,69.0,1.0,0.0,0.0,0.6976744186046512,6.976744186046512,4.813953488372094,0.28544719097868515,2022
Damián Emiliano Martínez,Argentina,240.5,0.0,0.0,0.0,0.0,99.0,,,0.5,0.0,0.0,3.704781704781705,0.28372288993590766,2022
Dominik Livaković,Croatia,301.5,0.0,0.0,2.0,0.0,122.0,,,0.5,0.0,0.5970149253731343,3.6417910447761197,0.28304653933694957,2022
Yassine Bounou,Morocco,263.5,0.0,0.0,1.0,0.0,107.0,,,0.5,0.0,0.3415559772296015,3.654648956356737,0.28282717674124225,2022
Ramin Rezaeian,Iran,171.5,1.0,0.0,49.0,0.0,76.0,15.0,0.0,0.0,0.5247813411078718,25.714285714285715,3.9883381924198256,0.28272560703776106,2022
Giovanni Reyna,United States,90.0,0.0,0.0,6.0,0.0,32.0,,,0.5,0.0,6.0,3.2,0.281555590158829,2022
Seung-Gyu Kim,South Korea,165.5,0.0,0.0,0.0,0.0,67.0,,,0.5,0.0,0.0,3.6435045317220545,0.2815111103165948,2022
Alisson Ramsés Becker,Brazil,124.0,0.0,0.0,0.0,0.0,49.0,,,0.5,0.0,0.0,3.556451612903226,0.2783689635426608,2022
Wayne Hennessey,Wales,91.0,0.0,0.0,1.0,0.0,35.0,,,0.5,0.0,0.989010989010989,3.4615384615384617,0.277589142405399,2022
Mathew Ryan,Australia,214.5,0.0,0.0,0.0,0.0,84.0,,,0.5,0.0,0.0,3.5244755244755246,0.27721479703728225,2022
Noah Okafor,Switzerland,90.0,0.0,0.0,16.0,0.0,23.0,,,0.5,0.0,16.0,2.3000000000000003,0.27582476902314956,2022
Harry Kane,England,253.5,2.0,0.0,48.0,0.0,105.0,17.0,0.0,0.0,0.7100591715976331,17.041420118343193,3.727810650887574,0.27482194158762685,2022
Leandro Daniel Paredes,Argentina,369.0,2.0,0.0,63.0,0.0,189.0,11.0,0.0,0.0,0.48780487804878053,15.365853658536587,4.609756097560976,0.27253869447757073,2022
Teun Koopmeiners,Netherlands,221.5,1.0,0.0,67.0,0.0,99.0,8.0,0.0,0.0,0.4063205417607223,27.223476297968396,4.022573363431151,0.2722042878845503,2022
Jean-Eric Maxim Choupo-Moting,Cameroon,145.0,1.0,0.0,45.0,0.0,51.0,12.0,0.0,0.0,0.6206896551724138,27.93103448275862,3.1655172413793107,0.2717447030144224,2022
Mario Pašalić,Croatia,215.5,1.0,0.0,75.0,0.0,87.0,19.0,0.0,0.0,0.41763341067285387,31.32250580046404,3.6334106728538287,0.2706326714794922,2022
Andries Noppert,Netherlands,251.0,0.0,0.0,0.0,0.0,93.0,,,0.5,0.0,0.0,3.334661354581674,0.27036351634880595,2022
Hernán Ismael Galíndez,Ecuador,90.0,0.0,0.0,0.0,0.0,33.0,,,0.5,0.0,0.0,3.3000000000000003,0.26911242603550295,2022
Vinícius José Paixão de Oliveira Júnior,Brazil,247.0,1.0,0.0,44.0,0.0,135.0,6.0,0.0,0.0,0.3643724696356275,16.032388663967613,4.919028340080971,0.2690273944449557,2022
Wahbi Khazri,Tunisia,90.0,1.0,0.0,14.0,0.0,27.0,4.0,0.0,0.0,1.0,14.0,2.7,0.26824509498598564,2022
Gareth Frank Bale,Wales,122.5,1.0,0.0,27.0,0.0,44.0,9.0,0.0,0.0,0.7346938775510203,19.83673469387755,3.23265306122449,0.2677127094998697,2022
Neymar da Silva Santos Junior,Brazil,320.5,2.0,0.0,28.0,0.0,169.0,4.0,0.0,0.0,0.561622464898596,7.862714508580344,4.745709828393137,0.267214056983332,2022
Sergio Rochet Álvarez,Uruguay,102.0,0.0,0.0,1.0,0.0,36.0,,,0.5,0.0,0.8823529411764706,3.1764705882352944,0.2670143532342865,2022
Robert Lewandowski,Poland,266.5,2.0,0.0,67.0,0.0,95.0,25.0,0.0,0.0,0.6754221388367729,22.626641651031893,3.2082551594746715,0.2663934014349127,2022
Edouard Mendy,Senegal,149.5,0.0,0.0,0.0,0.0,53.0,,,0.5,0.0,0.0,3.190635451505017,0.26516494824958936,2022
Wojciech Szczęsny,Poland,187.5,0.0,0.0,0.0,0.0,65.0,,,0.5,0.0,0.0,3.1199999999999997,0.2626153846153846,2022
Marko Livaja,Croatia,169.5,1.0,0.0,59.0,0.0,55.0,10.0,0.0,0.0,0.5309734513274337,31.327433628318584,2.920353982300885,0.26002031181530305,2022
Achraf Dari,Morocco,168.0,1.0,0.0,25.0,0.0,79.0,5.0,0.0,0.0,0.5357142857142857,13.392857142857142,4.232142857142858,0.2600181574498376,2022
William Saliba,France,90.0,0.0,0.0,3.0,0.0,28.0,,,0.5,0.0,3.0,2.8000000000000003,0.25909140454687013,2022
Sergej Milinković-Savić,Serbia,223.0,1.0,0.0,45.0,0.0,107.0,8.0,0.0,0.0,0.40358744394618834,18.161434977578473,4.318385650224216,0.2582721879525678,2022
Bruno Miguel Borges Fernandes,Portugal,399.0,2.0,0.0,80.0,0.0,184.0,17.0,0.0,0.0,0.45112781954887216,18.045112781954888,4.150375939849624,0.2582354359895378,2022
Davy Klaassen,Netherlands,133.0,1.0,0.0,28.0,0.0,48.0,5.0,0.0,0.0,0.6766917293233082,18.94736842105263,3.24812030075188,0.2581579298604655,2022
Andrej Kramarić,Croatia,343.0,2.0,0.0,44.0,0.0,166.0,6.0,0.0,0.0,0.5247813411078718,11.545189504373178,4.355685131195336,0.25807632836468664,2022
Yeltsin Ignacio Tejeda Valverde,Costa Rica,169.0,1.0,0.0,53.0,0.0,58.0,10.0,0.0,0.0,0.5325443786982249,28.224852071005916,3.0887573964497044,0.2580074687787358,2022
Xherdan Shaqiri,Switzerland,196.0,1.0,0.0,29.0,0.0,97.0,7.0,0.0,0.0,0.4591836734693878,13.316326530612246,4.454081632653062,0.2576201307368167,2022
Hugo Lloris,France,220.5,0.0,0.0,0.0,0.0,73.0,,,0.5,0.0,0.0,2.979591836734694,0.25754739765728774,2022
Hakim Ziyech,Morocco,608.0,2.0,0.0,173.0,0.0,278.0,22.0,0.0,0.0,0.29605263157894735,25.60855263157895,4.115131578947368,0.25652212941942987,2022
Devis Rogers Epassy Mboka,Cameroon,104.5,0.0,0.0,0.0,0.0,34.0,,,0.5,0.0,0.0,2.9282296650717705,0.2556934967866142,2022
Shūichi Gonda,Japan,150.5,0.0,0.0,1.0,0.0,48.0,,,0.5,0.0,0.5980066445182725,2.870431893687708,0.2552072350961344,2022
Boulaye Dia,Senegal,156.5,1.0,0.0,39.0,0.0,57.0,7.0,0.0,0.0,0.5750798722044729,22.42811501597444,3.2779552715654954,0.2549990895911916,2022
Meshaal Aissa Barsham,Qatar,90.0,0.0,0.0,0.0,0.0,29.0,,,0.5,0.0,0.0,2.9000000000000004,0.2546745562130177,2022
Alphonso Davies,Canada,242.5,1.0,0.0,58.0,0.0,110.0,5.0,0.0,0.0,0.37113402061855666,21.525773195876287,4.082474226804123,0.25443099911066014,2022
Nuno Mendes,Portugal,90.0,0.0,0.0,1.0,0.0,28.0,,,0.5,0.0,1.0,2.8000000000000003,0.2537405273538877,2022
Craig Goodwin,Australia,166.0,1.0,0.0,33.0,0.0,68.0,10.0,0.0,0.0,0.5421686746987951,17.89156626506024,3.6867469879518073,0.25322887626494767,2022
Mattéo Guendouzi Olié,France,90.0,0.0,0.0,2.0,0.0,27.0,,,0.5,0.0,2.0,2.7,0.25280649849475756,2022
Ismaïla Sarr,Senegal,243.0,1.0,0.0,67.0,0.0,102.0,13.0,0.0,0.0,0.37037037037037035,24.814814814814813,3.777777777777778,0.25213088880430307,2022
Remo Freuler,Switzerland,267.5,1.0,0.0,76.0,0.0,113.0,10.0,0.0,0.0,0.3364485981308411,25.570093457943923,3.801869158878505,0.2504982580324061,2022
Bruno Petković,Croatia,194.0,1.0,0.0,49.0,0.0,76.0,19.0,0.0,0.0,0.4639175257731959,22.7319587628866,3.525773195876289,0.24993526601534027,2022
Serge Gnabry,Germany,227.0,1.0,0.0,49.0,0.0,101.0,10.0,0.0,0.0,0.39647577092511016,19.427312775330396,4.004405286343613,0.24937772415032577,2022
Carlos Henrique Casimiro,Brazil,401.0,2.0,0.0,78.0,0.0,176.0,18.0,0.0,0.0,0.44887780548628425,17.506234413965085,3.9501246882793017,0.24926569437508683,2022
Famara Diedhiou,Senegal,90.0,1.0,0.0,23.0,0.0,15.0,5.0,0.0,0.0,1.0,23.0,1.5,0.2490104328869511,2022
Mohammed Muntari,Qatar,90.0,1.0,0.0,18.0,0.0,18.0,3.0,0.0,0.0,1.0,18.0,1.8,0.24646164227135886,2022
Pablo Martín Páez Gavira,Spain,311.5,1.0,0.0,73.0,0.0,145.0,16.0,0.0,0.0,0.28892455858747995,21.091492776886035,4.189406099518459,0.24616751805716003,2022
Selim Amallah,Morocco,263.0,0.0,0.0,142.0,0.0,94.0,27.0,0.0,0.0,0.0,48.59315589353612,3.216730038022814,0.24611482866050988,2022
Luis Gerardo Chávez Magallón,Mexico,243.0,1.0,0.0,54.0,0.0,107.0,10.0,0.0,0.0,0.37037037037037035,20.0,3.9629629629629632,0.24593334640568107,2022
Woo-Yeong Jeong,South Korea,90.0,0.0,0.0,14.0,0.0,16.0,,,0.5,0.0,14.0,1.6,0.245207619640818,2022
Osman Bukari,Ghana,90.0,1.0,0.0,13.0,0.0,21.0,2.0,0.0,0.0,1.0,13.0,2.1,0.24391285165576662,2022
Seyed Hossein Hosseini,Iran,90.0,0.0,0.0,0.0,0.0,26.0,,,0.5,0.0,0.0,2.6,0.24384615384615382,2022
Ayase Ueda,Japan,90.0,0.0,0.0,16.0,0.0,14.0,,,0.5,0.0,16.0,1.4000000000000001,0.24333956192255787,2022
Strahinja Pavlović,Serbia,251.5,1.0,0.0,41.0,0.0,121.0,6.0,0.0,0.0,0.35785288270377735,14.671968190854871,4.330019880715707,0.2432583260945074,2022
Keylor Navas Gamboa,Costa Rica,131.5,0.0,0.0,1.0,0.0,37.0,,,0.5,0.0,0.6844106463878328,2.532319391634981,0.24323434297264748,2022
Jordan Brian Henderson,England,269.0,1.0,0.0,42.0,0.0,133.0,6.0,0.0,0.0,0.3345724907063197,14.052044609665428,4.4498141263940525,0.24281964066365733,2022
Ángel Fabián Di María Hernández,Argentina,334.5,1.0,0.0,39.0,0.0,184.0,3.0,0.0,0.0,0.26905829596412556,10.493273542600896,4.95067264573991,0.2426414664836262,2022
Yuki Soma,Japan,90.0,0.0,0.0,13.0,0.0,16.0,,,0.5,0.0,13.0,1.6,0.24253218104432678,2022
João Félix Sequeira,Portugal,258.5,1.0,0.0,40.0,0.0,125.0,6.0,0.0,0.0,0.3481624758220503,13.926499032882012,4.352030947775629,0.2407662971880389,2022
Timothy Weah,United States,218.5,1.0,0.0,31.0,0.0,102.0,5.0,0.0,0.0,0.41189931350114417,12.76887871853547,4.201372997711672,0.24072945046596833,2022
Abolfazl Jalali,Iran,90.0,0.0,0.0,0.0,0.0,25.0,,,0.5,0.0,0.0,2.5,0.24023668639053253,2022
Piotr Zieliński,Poland,247.0,1.0,0.0,58.0,0.0,102.0,9.0,0.0,0.0,0.3643724696356275,21.133603238866396,3.716599190283401,0.23927409196877633,2022
Zakaria Aboukhlal,Morocco,90.0,1.0,0.0,19.0,0.0,15.0,1.0,0.0,0.0,1.0,19.0,1.5,0.23830867850098617,2022
Christian Pulisic,United States,302.0,1.0,0.0,51.0,0.0,146.0,7.0,0.0,0.0,0.29801324503311255,15.198675496688741,4.350993377483444,0.23744591233363788,2022
Mathew Leckie,Australia,273.5,1.0,0.0,87.0,0.0,98.0,17.0,0.0,0.0,0.3290676416819013,28.62888482632541,3.224862888482633,0.2368708854446296,2022
Kingsley Coman,France,175.0,0.0,0.0,52.0,0.0,89.0,9.0,0.0,0.0,0.0,26.742857142857144,4.577142857142857,0.23675935400631754,2022
Chul Hong,South Korea,90.0,0.0,0.0,8.0,0.0,18.0,,,0.5,0.0,8.0,1.8,0.23637392297311324,2022
Marco Asensio Willemsen,Spain,229.5,1.0,0.0,31.0,0.0,107.0,3.0,0.0,0.0,0.3921568627450981,12.15686274509804,4.19607843137255,0.23626860689256501,2022
Mohamed Salisu,Ghana,228.0,1.0,0.0,36.0,0.0,102.0,13.0,0.0,0.0,0.39473684210526316,14.210526315789474,4.026315789473685,0.23597952761068036,2022
Moisés Isaac Caicedo Corozo,Ecuador,250.5,1.0,0.0,54.0,0.0,105.0,9.0,0.0,0.0,0.3592814371257485,19.40119760479042,3.7724550898203595,0.23597644325177114,2022
Young-Gwon Kim,South Korea,306.0,1.0,0.0,27.0,0.0,165.0,6.0,0.0,0.0,0.29411764705882354,7.9411764705882355,4.852941176470589,0.23562714871062096,2022
Mohammed Khalil Al Owais,Saudi Arabia,121.0,0.0,0.0,1.0,0.0,31.0,,,0.5,0.0,0.743801652892562,2.3057851239669422,0.23521655929642676,2022
Assim Omer Al Haj Madibo,Qatar,132.0,0.0,0.0,60.0,0.0,51.0,8.0,0.0,0.0,0.0,40.909090909090914,3.477272727272728,0.2349607881996546,2022
Andreas Christensen,Denmark,377.5,1.0,0.0,25.0,0.0,217.0,8.0,0.0,0.0,0.23841059602649006,5.960264900662251,5.1735099337748345,0.23447055960368018,2022
Lawrence Ati-Zigi,Ghana,92.5,0.0,0.0,0.0,0.0,24.0,,,0.5,0.0,0.0,2.3351351351351357,0.2342859427474812,2022
Lucas Tolentino Coelho de Lima,Brazil,338.5,1.0,0.0,73.0,0.0,152.0,12.0,0.0,0.0,0.2658788774002954,19.409158050221567,4.041358936484491,0.2332500631369181,2022
İlkay Gündoğan,Germany,258.0,1.0,0.0,27.0,0.0,128.0,8.0,0.0,0.0,0.3488372093023256,9.418604651162791,4.465116279069767,0.23287744526446152,2022
Iliman Ndiaye,Senegal,95.0,0.0,0.0,31.0,0.0,45.0,3.0,0.0,0.0,0.0,29.36842105263158,4.263157894736842,0.23245070399449255,2022
Mitchell Thomas Duke,Australia,189.0,1.0,0.0,77.0,0.0,41.0,16.0,0.0,0.0,0.47619047619047616,36.666666666666664,1.9523809523809526,0.23206203378268153,2022
Sebastian Szymański,Poland,93.0,0.0,0.0,45.0,0.0,33.0,7.0,0.0,0.0,0.0,43.54838709677419,3.193548387096774,0.23178112536542728,2022
Youssouf Fofana,France,209.0,0.0,0.0,77.0,0.0,92.0,9.0,0.0,0.0,0.0,33.1578947368421,3.9617224880382778,0.23170899524511285,2022
Mikkel Damsgaard,Denmark,134.0,0.0,0.0,38.0,0.0,67.0,5.0,0.0,0.0,0.0,25.52238805970149,4.5,0.23070961759251074,2022
Kalidou Koulibaly,Senegal,307.5,1.0,0.0,53.0,0.0,141.0,13.0,0.0,0.0,0.29268292682926833,15.51219512195122,4.126829268292684,0.22948287517755278,2022
Jude Bellingham,England,485.0,1.0,0.0,99.0,0.0,232.0,25.0,0.0,0.0,0.18556701030927833,18.371134020618555,4.3051546391752575,0.22928626467651464,2022
Theo Bernard François Hernández,France,520.0,1.0,0.0,101.0,0.0,255.0,25.0,0.0,0.0,0.17307692307692307,17.48076923076923,4.413461538461538,0.22914810567041177,2022
Romain Saïss,Morocco,290.0,1.0,0.0,53.0,0.0,128.0,12.0,0.0,0.0,0.3103448275862069,16.448275862068964,3.972413793103448,0.22876864549662257,2022
Trent Alexander-Arnold,England,90.0,0.0,0.0,5.0,0.0,18.0,,,0.5,0.0,5.0,1.8,0.22834760718363956,2022
Daniel Olmo Carvajal,Spain,399.5,1.0,0.0,59.0,0.0,200.0,10.0,0.0,0.0,0.2252816020025031,13.291614518147684,4.505632040050062,0.22822776758085564,2022
Jae-Sung Lee,South Korea,190.5,0.0,0.0,79.0,0.0,75.0,13.0,0.0,0.0,0.0,37.32283464566929,3.543307086614173,0.22774946848554548,2022
Lautaro Javier Martínez,Argentina,171.5,1.0,0.0,26.0,0.0,64.0,5.0,0.0,0.0,0.5247813411078718,13.644314868804665,3.3586005830903796,0.22770296711468324,2022
Brenden Aaronson,United States,127.0,0.0,0.0,39.0,0.0,60.0,5.0,0.0,0.0,0.0,27.63779527559055,4.251968503937007,0.22741664357511207,2022
Jesper Lindstrøm,Denmark,153.5,0.0,0.0,49.0,0.0,71.0,7.0,0.0,0.0,0.0,28.729641693811075,4.162866449511401,0.22712170196707773,2022
Keanu Baccus,Australia,96.0,0.0,0.0,46.0,0.0,33.0,5.0,0.0,0.0,0.0,43.125,3.0937500000000004,0.2270461888819682,2022
Milad Mohammadi,Iran,121.0,0.0,0.0,64.0,0.0,37.0,10.0,0.0,0.0,0.0,47.603305785123965,2.7520661157024793,0.22669465242155706,2022
Sami Khalil Al Naji,Saudi Arabia,90.0,0.0,0.0,7.0,0.0,16.0,,,0.5,0.0,7.0,1.6,0.2264795494653794,2022
Pedro Guilherme Abreu dos Santos,Brazil,90.0,1.0,0.0,13.0,0.0,16.0,3.0,0.0,0.0,1.0,13.0,1.6,0.22586551437766011,2022
Daley Blind,Netherlands,467.5,1.0,0.0,108.0,0.0,208.0,20.0,0.0,0.0,0.1925133689839572,20.791443850267378,4.00427807486631,0.2258277944965251,2022
Alexis Mac Allister,Argentina,520.0,1.0,0.0,95.0,0.0,253.0,21.0,0.0,0.0,0.17307692307692307,16.442307692307693,4.378846153846154,0.22512033454710967,2022
Manuel Obafemi Akanji,Switzerland,375.0,1.0,0.0,38.0,0.0,194.0,8.0,0.0,0.0,0.24,9.12,4.656000000000001,0.2244568047337278,2022
Adrien Rabiot,France,494.0,1.0,0.0,113.0,0.0,220.0,19.0,0.0,0.0,0.18218623481781376,20.587044534412954,4.008097165991903,0.2240418343069181,2022
Kaoru Mitoma,Japan,145.5,0.0,0.0,58.0,0.0,57.0,8.0,0.0,0.0,0.0,35.876288659793815,3.5257731958762886,0.22324644344344663,2022
Idrissa Gana Gueye,Senegal,240.0,0.0,0.0,78.0,0.0,107.0,7.0,0.0,0.0,0.0,29.25,4.012500000000001,0.22308646060417314,2022
Jesus Ferreira,United States,90.0,0.0,0.0,7.0,0.0,15.0,,,0.5,0.0,7.0,1.5,0.2228700820097581,2022
Jewison Bennette,Costa Rica,90.0,0.0,0.0,44.0,0.0,29.0,5.0,0.0,0.0,0.0,44.0,2.9000000000000004,0.22239385445863175,2022
Raphaël Adelino José Guerreiro,Portugal,263.0,1.0,0.0,31.0,0.0,120.0,3.0,0.0,0.0,0.3422053231939164,10.608365019011407,4.106463878326997,0.22223088290844328,2022
Jonathan Osorio,Canada,119.5,0.0,0.0,32.0,0.0,58.0,1.0,0.0,0.0,0.0,24.100418410041843,4.368200836820084,0.222147977207012,2022
Joško Gvardiol,Croatia,796.0,1.0,0.0,114.0,0.0,422.0,23.0,0.0,0.0,0.11306532663316582,12.889447236180903,4.771356783919598,0.22178087181469472,2022
Luka Modrić,Croatia,888.0,1.0,0.0,150.0,0.0,458.0,18.0,0.0,0.0,0.10135135135135134,15.202702702702702,4.641891891891892,0.2217349882582676,2022
Ousmane Dembélé,France,397.0,0.0,0.0,105.0,0.0,193.0,12.0,0.0,0.0,0.0,23.803526448362717,4.375314861460957,0.22161043939794484,2022
Ali Gholizadeh,Iran,138.5,0.0,0.0,37.0,0.0,67.0,4.0,0.0,0.0,0.0,24.043321299638986,4.353790613718411,0.22147508508095476,2022
Nicholas Williams Arthuer,Spain,154.0,0.0,0.0,31.0,0.0,82.0,6.0,0.0,0.0,0.0,18.116883116883116,4.792207792207793,0.22144378900451775,2022
Kléper Laveran Lima Ferreira,Portugal,433.0,1.0,0.0,31.0,0.0,235.0,10.0,0.0,0.0,0.20785219399538107,6.443418013856813,4.884526558891455,0.2212579916180163,2022
Éverton Augusto de Barros Ribeiro,Brazil,90.0,0.0,0.0,5.0,0.0,16.0,,,0.5,0.0,5.0,1.6,0.22112867227239696,2022
Enzo Fernandez,Argentina,770.5,1.0,0.0,143.0,0.0,381.0,31.0,0.0,0.0,0.11680726800778714,16.70343932511356,4.45035691109669,0.22089751303062488,2022
Achraf Hakimi Mouh,Morocco,630.0,1.0,0.0,146.0,0.0,283.0,31.0,0.0,0.0,0.14285714285714285,20.857142857142858,4.042857142857143,0.2207752369088401,2022
Daichi Kamada,Japan,233.0,0.0,0.0,84.0,0.0,96.0,9.0,0.0,0.0,0.0,32.44635193133047,3.7081545064377686,0.22065285238644516,2022
Seung-Ho Paik,South Korea,90.0,1.0,0.0,11.0,0.0,16.0,3.0,0.0,0.0,1.0,11.0,1.6,0.22051463718467765,2022
Facundo Pellistri Rebollo,Uruguay,122.5,0.0,0.0,42.0,0.0,52.0,12.0,0.0,0.0,0.0,30.857142857142858,3.820408163265306,0.22045278030240434,2022
Sofiane Boufal,Morocco,361.5,0.0,0.0,115.0,0.0,160.0,20.0,0.0,0.0,0.0,28.630705394190873,3.983402489626556,0.22037931074586706,2022
Jeremy Doku,Belgium,90.0,0.0,0.0,2.0,0.0,18.0,,,0.5,0.0,2.0,1.8,0.22032129139416587,2022
Denzel Dumfries,Netherlands,389.0,1.0,0.0,94.0,0.0,157.0,20.0,0.0,0.0,0.23136246786632392,21.74807197943445,3.6323907455012856,0.22014392204176036,2022
Amadou Onana,Belgium,116.0,0.0,0.0,25.0,0.0,60.0,7.0,0.0,0.0,0.0,19.39655172413793,4.655172413793103,0.2199212164005197,2022
Hassan Khalid Al Heidos,Qatar,170.5,0.0,0.0,57.0,0.0,73.0,6.0,0.0,0.0,0.0,30.087976539589445,3.853372434017596,0.2195847576740877,2022
Aurélien Djani Tchouaméni,France,731.5,1.0,0.0,91.0,0.0,390.0,12.0,0.0,0.0,0.12303485987696514,11.196172248803828,4.79835953520164,0.2195545451778138,2022
Thorgan Hazard,Belgium,104.0,0.0,0.0,38.0,0.0,42.0,7.0,0.0,0.0,0.0,32.88461538461539,3.634615384615385,0.21917102867546653,2022
Daniel Ward,Wales,90.0,0.0,0.0,0.0,0.0,19.0,,,0.5,0.0,0.0,1.9000000000000001,0.2185798816568047,2022
Ederson Santana de Moraes,Brazil,90.0,0.0,0.0,0.0,0.0,19.0,,,0.5,0.0,0.0,1.9000000000000001,0.2185798816568047,2022
Alejandro Balde Martínez,Spain,194.5,0.0,0.0,32.0,0.0,107.0,10.0,0.0,0.0,0.0,14.80719794344473,4.951156812339333,0.21832614270194278,2022
Mateo Kovačić,Croatia,791.0,0.0,0.0,171.0,0.0,404.0,27.0,0.0,0.0,0.0,19.456384323640957,4.596713021491783,0.2179712221066884,2022
Marcelo Brozović,Croatia,849.5,1.0,0.0,124.0,0.0,440.0,18.0,0.0,0.0,0.10594467333725721,13.137139493819895,4.661565626839318,0.21753126071741688,2022
Frenkie de Jong,Netherlands,570.0,1.0,0.0,98.0,0.0,272.0,15.0,0.0,0.0,0.15789473684210528,15.473684210526317,4.294736842105264,0.2174686521660739,2022
Richie Laryea,Canada,109.5,0.0,0.0,30.0,0.0,51.0,5.0,0.0,0.0,0.0,24.657534246575345,4.191780821917809,0.21727068339569033,2022
Rodrigo Bentancur Colmán,Uruguay,262.5,0.0,0.0,60.0,0.0,131.0,10.0,0.0,0.0,0.0,20.571428571428573,4.491428571428572,0.21715424656315346,2022
Nahuel Molina Lucero,Argentina,525.0,1.0,0.0,102.0,0.0,238.0,21.0,0.0,0.0,0.17142857142857143,17.485714285714288,4.08,0.21690536993371,2022
Yunus Dimoara Musah,United States,344.5,0.0,0.0,93.0,0.0,161.0,16.0,0.0,0.0,0.0,24.29608127721335,4.206095791001451,0.21682033232099923,2022
Eduardo Camavinga,France,182.0,0.0,0.0,45.0,0.0,88.0,15.0,0.0,0.0,0.0,22.252747252747252,4.351648351648352,0.2166071899137922,2022
Sofyan Amrabat,Morocco,548.5,0.0,0.0,160.0,0.0,247.0,28.0,0.0,0.0,0.0,26.25341841385597,4.052871467639016,0.21652648555685544,2022
William Silva de Carvalho,Portugal,263.0,0.0,0.0,47.0,0.0,140.0,7.0,0.0,0.0,0.0,16.08365019011407,4.790874524714829,0.21595587530032812,2022
Ahmad Nourollahi,Iran,124.5,0.0,0.0,45.0,0.0,49.0,4.0,0.0,0.0,0.0,32.53012048192771,3.5421686746987957,0.21488576542232457,2022
Ellyes Joris Skhiri,Tunisia,226.5,0.0,0.0,71.0,0.0,97.0,13.0,0.0,0.0,0.0,28.211920529801326,3.85430463576159,0.21459913253489143,2022
Hirving Rodrigo Lozano Bahena,Mexico,221.0,0.0,0.0,70.0,0.0,94.0,21.0,0.0,0.0,0.0,28.50678733031674,3.8280542986425337,0.21444053317851103,2022
Alejandro Darío Gómez,Argentina,115.0,0.0,0.0,16.0,0.0,64.0,3.0,0.0,0.0,0.0,12.521739130434783,5.008695652173913,0.2142883836810962,2022
Cristiano Ronaldo dos Santos Aveiro,Portugal,185.5,1.0,0.0,26.0,0.0,66.0,5.0,0.0,0.0,0.4851752021563343,12.61455525606469,3.2021563342318067,0.21402028572603776,2022
Dayotchanculle Upamecano,France,535.0,0.0,0.0,92.0,0.0,283.0,25.0,0.0,0.0,0.0,15.47663551401869,4.760747663551402,0.21324442555817177,2022
Marcus Thuram,France,127.0,0.0,0.0,45.0,0.0,50.0,13.0,0.0,0.0,0.0,31.889763779527556,3.543307086614173,0.21321362099279784,2022
Jurriën David Norman Timber,Netherlands,509.5,0.0,0.0,99.0,0.0,261.0,21.0,0.0,0.0,0.0,17.48773307163886,4.610402355250246,0.2131983286109543,2022
Memphis Depay,Netherlands,287.0,1.0,0.0,54.0,0.0,111.0,8.0,0.0,0.0,0.313588850174216,16.933797909407666,3.480836236933798,0.21275683435750578,2022
André-Frank Zambo Anguissa,Cameroon,240.0,0.0,0.0,70.0,0.0,105.0,7.0,0.0,0.0,0.0,26.25,3.9375,0.21235304422298346,2022
Jamal Musiala,Germany,300.5,0.0,0.0,49.0,0.0,160.0,6.0,0.0,0.0,0.0,14.675540765391014,4.792013311148087,0.21222966912303842,2022
Salis Abdul Samed,Ghana,254.5,0.0,0.0,57.0,0.0,124.0,6.0,0.0,0.0,0.0,20.157170923379173,4.385068762278978,0.2122069029655549,2022
Jordan Ayew,Ghana,116.5,0.0,0.0,46.0,0.0,42.0,10.0,0.0,0.0,0.0,35.53648068669528,3.244635193133047,0.2121897233624223,2022
Christian Mougang Bassogog,Cameroon,90.0,0.0,0.0,7.0,0.0,12.0,,,0.5,0.0,7.0,1.2000000000000002,0.21204167964289422,2022
Saša Lukić,Serbia,269.0,0.0,0.0,56.0,0.0,134.0,11.0,0.0,0.0,0.0,18.7360594795539,4.4832713754646845,0.2119493979223371,2022
Pierre-Emile Højbjerg,Denmark,348.0,0.0,0.0,43.0,0.0,195.0,13.0,0.0,0.0,0.0,11.120689655172415,5.043103448275862,0.21178190004188185,2022
Vitor Machado Ferreira,Portugal,181.5,0.0,0.0,22.0,0.0,102.0,5.0,0.0,0.0,0.0,10.90909090909091,5.057851239669422,0.21174809732041974,2022
Tyler Adams,United States,425.5,0.0,0.0,103.0,0.0,201.0,16.0,0.0,0.0,0.0,21.786133960047003,4.251468860164513,0.21174284855855002,2022
Pathé Ismaël Ciss,Senegal,110.0,0.0,0.0,36.0,0.0,45.0,5.0,0.0,0.0,0.0,29.454545454545453,3.6818181818181817,0.21169785679907133,2022
Frederico Rodrigues Santos,Brazil,148.5,0.0,0.0,36.0,0.0,70.0,4.0,0.0,0.0,0.0,21.81818181818182,4.242424242424242,0.21150212810131835,2022
Kang-In Lee,South Korea,139.0,0.0,0.0,37.0,0.0,63.0,3.0,0.0,0.0,0.0,23.9568345323741,4.079136690647482,0.21133015107689615,2022
Tajon Buchanan,Canada,229.0,0.0,0.0,51.0,0.0,111.0,5.0,0.0,0.0,0.0,20.043668122270745,4.362445414847162,0.21108665082773598,2022
Gonzalo Jordy Plata Jiménez,Ecuador,226.0,0.0,0.0,86.0,0.0,83.0,11.0,0.0,0.0,0.0,34.24778761061947,3.3053097345132745,0.2109319319926249,2022
Azzedine Ounahi,Morocco,519.0,0.0,0.0,116.0,0.0,251.0,14.0,0.0,0.0,0.0,20.115606936416185,4.3526011560693645,0.21092379339085476,2022
Francisco Javier Calvo Quesada,Costa Rica,165.5,0.0,0.0,37.0,0.0,80.0,9.0,0.0,0.0,0.0,20.12084592145015,4.350453172205438,0.21086027919510064,2022
Ivan Perišić,Croatia,561.0,1.0,0.0,135.0,0.0,227.0,26.0,0.0,0.0,0.16042780748663102,21.657754010695186,3.6417112299465244,0.21078074699770338,2022
Ko Itakura,Japan,187.0,0.0,0.0,49.0,0.0,85.0,13.0,0.0,0.0,0.0,23.58288770053476,4.090909090909091,0.21075460024614584,2022
Joshua Sargent,United States,97.5,0.0,0.0,34.0,0.0,38.0,7.0,0.0,0.0,0.0,31.384615384615387,3.507692307692308,0.21057662362551804,2022
Krépin Diatta,Senegal,170.0,0.0,0.0,46.0,0.0,76.0,3.0,0.0,0.0,0.0,24.35294117647059,4.023529411764707,0.21038278344660816,2022
Raphael Dias Belloli,Brazil,307.5,0.0,0.0,69.0,0.0,148.0,16.0,0.0,0.0,0.0,20.195121951219512,4.331707317073171,0.21038237461166265,2022
Alidu Seidu,Ghana,141.0,0.0,0.0,46.0,0.0,57.0,9.0,0.0,0.0,0.0,29.361702127659576,3.638297872340426,0.20987860877170894,2022
Jules Olivier Ntcham,Cameroon,90.0,0.0,0.0,6.0,0.0,12.0,,,0.5,0.0,6.0,1.2000000000000002,0.20936624104640297,2022
Wataru Endo,Japan,333.5,0.0,0.0,87.0,0.0,150.0,13.0,0.0,0.0,0.0,23.478260869565215,4.0479760119940025,0.208925022073205,2022
Ismael Koné,Canada,159.0,0.0,0.0,19.0,0.0,88.0,2.0,0.0,0.0,0.0,10.754716981132075,4.981132075471699,0.2085659260913252,2022
Roberto Carlos Alvarado Hernández,Mexico,90.0,0.0,0.0,7.0,0.0,11.0,,,0.5,0.0,7.0,1.1,0.2084322121872729,2022
Ali Karimi,Iran,90.0,0.0,0.0,36.0,0.0,31.0,5.0,0.0,0.0,0.0,36.0,3.1,0.20820928059794452,2022
Naïm Sliti,Tunisia,100.5,0.0,0.0,22.0,0.0,48.0,3.0,0.0,0.0,0.0,19.70149253731343,4.298507462686568,0.20786336148593687,2022
Aaron Ramsey,Wales,228.5,0.0,0.0,62.0,0.0,100.0,7.0,0.0,0.0,0.0,24.420131291028447,3.938730853391685,0.20750177010508866,2022
Andreas Skov Olsen,Denmark,123.5,0.0,0.0,24.0,0.0,61.0,5.0,0.0,0.0,0.0,17.489878542510123,4.445344129554656,0.20724634574722264,2022
Edson Omar Álvarez Velázquez,Mexico,171.5,0.0,0.0,45.0,0.0,76.0,9.0,0.0,0.0,0.0,23.61516034985423,3.9883381924198256,0.20713868053783777,2022
Pedro González López,Spain,688.0,0.0,0.0,67.0,0.0,389.0,7.0,0.0,0.0,0.0,8.76453488372093,5.088662790697675,0.20712260226474397,2022
Tim Ream,United States,400.0,0.0,0.0,54.0,0.0,215.0,14.0,0.0,0.0,0.0,12.149999999999999,4.8374999999999995,0.20711456711304885,2022
Héctor Miguel Herrera López,Mexico,125.5,0.0,0.0,35.0,0.0,54.0,7.0,0.0,0.0,0.0,25.0996015936255,3.872509960159363,0.20692942958778404,2022
Karl Brillant Toko Ekambi,Cameroon,113.0,0.0,0.0,31.0,0.0,49.0,8.0,0.0,0.0,0.0,24.690265486725664,3.9026548672566377,0.20692234657965014,2022
Leroy Sané,Germany,105.0,0.0,0.0,20.0,0.0,52.0,5.0,0.0,0.0,0.0,17.142857142857142,4.457142857142857,0.20674378253325618,2022
Joakim Mæhle,Denmark,251.5,0.0,0.0,54.0,0.0,120.0,20.0,0.0,0.0,0.0,19.32405566600398,4.294234592445329,0.2066993244519182,2022
Sang-Ho Na,South Korea,99.5,0.0,0.0,30.0,0.0,41.0,5.0,0.0,0.0,0.0,27.135678391959797,3.7085427135678395,0.20645848363586852,2022
Steven Berghuis,Netherlands,212.0,0.0,0.0,36.0,0.0,108.0,5.0,0.0,0.0,0.0,15.283018867924527,4.584905660377359,0.2063794562324086,2022
Jesús Daniel Gallardo Vasconcelos,Mexico,213.5,0.0,0.0,71.0,0.0,83.0,11.0,0.0,0.0,0.0,29.929742388758783,3.4988290398126467,0.20636428348978955,2022
Sergino Dest,United States,355.5,0.0,0.0,56.0,0.0,184.0,10.0,0.0,0.0,0.0,14.177215189873417,4.658227848101266,0.2060674868956527,2022
Fábio Henrique Tavares,Brazil,90.0,0.0,0.0,27.0,0.0,37.0,10.0,0.0,0.0,0.0,27.0,3.7,0.2057871379632513,2022
Seyed Majid Hosseini,Iran,171.0,0.0,0.0,49.0,0.0,72.0,14.0,0.0,0.0,0.0,25.789473684210527,3.7894736842105265,0.20577797264884412,2022
Axel Witsel,Belgium,277.0,0.0,0.0,53.0,0.0,136.0,7.0,0.0,0.0,0.0,17.220216606498195,4.418772563176896,0.2055657897547577,2022
David Junior Hoilett,Canada,125.0,0.0,0.0,27.0,0.0,59.0,7.0,0.0,0.0,0.0,19.44,4.248,0.20534070383058237,2022
Dušan Vlahović,Serbia,90.0,1.0,0.0,8.0,0.0,14.0,1.0,0.0,0.0,1.0,8.0,1.4000000000000001,0.20526938648396137,2022
Antonee Robinson,United States,381.0,0.0,0.0,72.0,0.0,187.0,13.0,0.0,0.0,0.0,17.00787401574803,4.417322834645669,0.2049453527122563,2022
Cristian Gabriel Romero,Argentina,560.0,0.0,0.0,83.0,0.0,291.0,16.0,0.0,0.0,0.0,13.339285714285714,4.676785714285715,0.20449549817591314,2022
Pau Francisco Torres,Spain,274.5,0.0,0.0,5.0,0.0,169.0,1.0,0.0,0.0,0.0,1.639344262295082,5.540983606557378,0.20438596491228073,2022
Alex Sandro Lobo Silva,Brazil,249.5,0.0,0.0,35.0,0.0,131.0,10.0,0.0,0.0,0.0,12.625250501002004,4.725450901803608,0.20434169491271548,2022
Marten de Roon,Netherlands,195.5,0.0,0.0,62.0,0.0,77.0,11.0,0.0,0.0,0.0,28.54219948849105,3.5447570332480822,0.2043097536361978,2022
Karim Boudiaf,Qatar,178.5,0.0,0.0,34.0,0.0,87.0,5.0,0.0,0.0,0.0,17.142857142857142,4.38655462184874,0.20419592315281762,2022
Daniel Amartey,Ghana,223.5,0.0,0.0,37.0,0.0,113.0,12.0,0.0,0.0,0.0,14.899328859060402,4.550335570469799,0.20410512102901307,2022
Bernardo Mota Veiga de Carvalho e Silva,Portugal,465.0,0.0,0.0,73.0,0.0,238.0,14.0,0.0,0.0,0.0,14.129032258064516,4.606451612903226,0.20406973006097984,2022
Matías Vecino Falero,Uruguay,178.0,0.0,0.0,55.0,0.0,71.0,9.0,0.0,0.0,0.0,27.808988764044944,3.5898876404494384,0.20397706794411063,2022
Otávio Edmilson da Silva Monteiro,Portugal,228.5,0.0,0.0,53.0,0.0,104.0,8.0,0.0,0.0,0.0,20.87527352297593,4.096280087527353,0.20370440914607676,2022
Nemanja Maksimović,Serbia,95.0,0.0,0.0,25.0,0.0,41.0,7.0,0.0,0.0,0.0,23.684210526315788,3.88421052631579,0.2035649658247144,2022
Krystian Bielik,Poland,180.0,0.0,0.0,55.0,0.0,72.0,10.0,0.0,0.0,0.0,27.5,3.6,0.2035153898058756,2022
Victor Nelsson,Denmark,102.0,0.0,0.0,12.0,0.0,55.0,4.0,0.0,0.0,0.0,10.588235294117647,4.852941176470589,0.2034935057797644,2022
Joel Nathaniel Campbell Samuels,Costa Rica,281.5,0.0,0.0,57.0,0.0,134.0,13.0,0.0,0.0,0.0,18.22380106571936,4.284191829484903,0.20339317056764794,2022
Youri Tielemans,Belgium,101.5,0.0,0.0,25.0,0.0,45.0,5.0,0.0,0.0,0.0,22.167487684729064,3.9901477832512318,0.2033308378066161,2022
Mason Mount,England,165.5,0.0,0.0,52.0,0.0,65.0,8.0,0.0,0.0,0.0,28.27794561933535,3.5347432024169185,0.20324131267047468,2022
Saad Abdullah Al Sheeb,Qatar,90.0,0.0,0.0,1.0,0.0,14.0,,,0.5,0.0,1.0,1.4000000000000001,0.20320798297518944,2022
Hidemasa Morita,Japan,276.5,0.0,0.0,66.0,0.0,124.0,7.0,0.0,0.0,0.0,21.482820976491862,4.036166365280289,0.20316007981154288,2022
In-Beom Hwang,South Korea,404.5,0.0,0.0,63.0,0.0,206.0,9.0,0.0,0.0,0.0,14.017305315203956,4.583436341161929,0.20294008274245784,2022
Ibrahima Konaté,France,358.5,0.0,0.0,39.0,0.0,195.0,14.0,0.0,0.0,0.0,9.790794979079498,4.895397489539749,0.20289244998560127,2022
Nicolas Alexis Julio N'Koulou Ndoubena,Cameroon,155.0,0.0,0.0,24.0,0.0,79.0,4.0,0.0,0.0,0.0,13.935483870967742,4.587096774193548,0.20285329663153873,2022
Yuto Nagatomo,Japan,166.0,0.0,0.0,40.0,0.0,74.0,8.0,0.0,0.0,0.0,21.686746987951807,4.0120481927710845,0.202835133745821,2022
Woo-Young Jung,South Korea,325.5,0.0,0.0,61.0,0.0,158.0,8.0,0.0,0.0,0.0,16.86635944700461,4.368663594470046,0.20281039973478263,2022
Nathan Aké,Netherlands,532.5,0.0,0.0,76.0,0.0,276.0,17.0,0.0,0.0,0.0,12.84507042253521,4.664788732394366,0.20274022835236266,2022
Jhegson Sebastián Méndez Carabalí,Ecuador,213.5,0.0,0.0,34.0,0.0,108.0,5.0,0.0,0.0,0.0,14.33255269320843,4.552693208430914,0.2026738443742492,2022
Aïssa Bilal Laïdouni,Tunisia,224.5,0.0,0.0,50.0,0.0,103.0,11.0,0.0,0.0,0.0,20.044543429844097,4.129175946547885,0.20266920711723826,2022
Samuel Yves Oum Gwet,Cameroon,90.0,0.0,0.0,15.0,0.0,45.0,3.0,0.0,0.0,0.0,15.0,4.5,0.20255761445032694,2022
Piero Martín Hincapié Reyna,Ecuador,299.5,0.0,0.0,48.0,0.0,151.0,10.0,0.0,0.0,0.0,14.424040066777962,4.537562604340568,0.20237247899410882,2022
Antoine Griezmann,France,544.5,0.0,0.0,154.0,0.0,225.0,18.0,0.0,0.0,0.0,25.454545454545457,3.71900826446281,0.20233846634288294,2022
Antony Matheus dos Santos,Brazil,223.5,0.0,0.0,34.0,0.0,114.0,6.0,0.0,0.0,0.0,13.691275167785234,4.590604026845638,0.20232652438450877,2022
Éder Gabriel Militão,Brazil,423.5,0.0,0.0,68.0,0.0,213.0,16.0,0.0,0.0,0.0,14.451003541912632,4.526564344746163,0.2020476395154348,2022
Yannick Ferreira Carrasco,Belgium,96.0,0.0,0.0,17.0,0.0,47.0,5.0,0.0,0.0,0.0,15.9375,4.40625,0.20168196239489253,2022
Toby Alderweireld,Belgium,402.0,0.0,0.0,21.0,0.0,234.0,6.0,0.0,0.0,0.0,4.701492537313433,5.238805970149254,0.20167155115112695,2022
Ehsan Hajsafi,Iran,158.5,0.0,0.0,45.0,0.0,65.0,7.0,0.0,0.0,0.0,25.55205047318612,3.690851735015773,0.20158303426608254,2022
Przemysław Frankowski,Poland,156.0,0.0,0.0,51.0,0.0,59.0,9.0,0.0,0.0,0.0,29.423076923076923,3.4038461538461537,0.20158035479002465,2022
Danilo Luís Hélio Pereira,Portugal,121.5,0.0,0.0,14.0,0.0,65.0,4.0,0.0,0.0,0.0,10.37037037037037,4.814814814814815,0.2015344629379717,2022
Junya Ito,Japan,201.0,0.0,0.0,63.0,0.0,78.0,12.0,0.0,0.0,0.0,28.208955223880597,3.492537313432836,0.20153332527645174,2022
Joe Rodon,Wales,245.0,0.0,0.0,35.0,0.0,126.0,9.0,0.0,0.0,0.0,12.857142857142856,4.628571428571429,0.20146527561507316,2022
Thomas Meunier,Belgium,222.5,0.0,0.0,39.0,0.0,109.0,9.0,0.0,0.0,0.0,15.775280898876403,4.408988764044944,0.20134680994754683,2022
Abdelkarim Hassan Al Haj Fadlalla,Qatar,262.0,0.0,0.0,41.0,0.0,132.0,9.0,0.0,0.0,0.0,14.083969465648856,4.534351145038168,0.2013467244039454,2022
Brandon Aguilera Zamora,Costa Rica,90.0,0.0,0.0,28.0,0.0,35.0,3.0,0.0,0.0,0.0,28.0,3.5,0.20124364164849992,2022
Dylan Daniel Mahmoud Bronn,Tunisia,140.5,0.0,0.0,20.0,0.0,72.0,8.0,0.0,0.0,0.0,12.811387900355871,4.612099644128114,0.20074831733886295,2022
Nawaf Shaker Al Abid,Saudi Arabia,90.0,0.0,0.0,17.0,0.0,43.0,3.0,0.0,0.0,0.0,17.0,4.3,0.20068955673206682,2022
César Azpilicueta Tanco,Spain,258.0,0.0,0.0,14.0,0.0,149.0,3.0,0.0,0.0,0.0,4.883720930232558,5.1976744186046515,0.20067446205992479,2022
Paulo Bruno Exequiel Dybala,Argentina,90.0,1.0,0.0,13.0,0.0,9.0,5.0,0.0,0.0,1.0,13.0,0.9,0.20059924218831102,2022
Chris Mepham,Wales,254.5,0.0,0.0,42.0,0.0,126.0,9.0,0.0,0.0,0.0,14.852652259332023,4.455795677799608,0.20056785399403693,2022
Steve Mandanda,France,90.0,0.0,0.0,0.0,0.0,14.0,,,0.5,0.0,0.0,1.4000000000000001,0.20053254437869822,2022
Dušan Tadić,Serbia,249.0,0.0,0.0,44.0,0.0,121.0,6.0,0.0,0.0,0.0,15.903614457831326,4.373493975903615,0.20040898567799692,2022
Milos Veljkovic,Serbia,169.0,0.0,0.0,30.0,0.0,82.0,6.0,0.0,0.0,0.0,15.976331360946746,4.366863905325444,0.20036422504740545,2022
Kamal Miller,Canada,302.0,0.0,0.0,34.0,0.0,161.0,11.0,0.0,0.0,0.0,10.132450331125828,4.798013245033113,0.2002914752887941,2022
Romelu Lukaku Menama,Belgium,90.0,0.0,0.0,8.0,0.0,8.0,,,0.5,0.0,8.0,0.8,0.20027924841690023,2022
Hassan Mohammed Al-Tambakti,Saudi Arabia,90.0,0.0,0.0,33.0,0.0,31.0,9.0,0.0,0.0,0.0,33.0,3.1,0.20018296480847086,2022
Edimilson Fernandes,Switzerland,130.5,0.0,0.0,18.0,0.0,67.0,3.0,0.0,0.0,0.0,12.413793103448276,4.620689655172414,0.19999463052653055,2022
Rúben Diogo Da Silva Neves,Portugal,397.5,0.0,0.0,44.0,0.0,212.0,5.0,0.0,0.0,0.0,9.962264150943396,4.800000000000001,0.19990786388769735,2022
Marcos Llorente Moreno,Spain,152.5,0.0,0.0,20.0,0.0,79.0,3.0,0.0,0.0,0.0,11.80327868852459,4.662295081967214,0.19986297103706008,2022
Luuk de Jong,Netherlands,90.0,1.0,0.0,14.0,0.0,8.0,5.0,0.0,0.0,1.0,14.0,0.8,0.19966521332918094,2022
Rodrygo Silva de Goes,Brazil,225.0,0.0,0.0,46.0,0.0,104.0,5.0,0.0,0.0,0.0,18.4,4.16,0.19938191632928473,2022
Rodrigo Javier De Paul,Argentina,916.0,0.0,0.0,136.0,0.0,461.0,15.0,0.0,0.0,0.0,13.362445414847162,4.529475982532752,0.1992403637060922,2022
Andrija Živković,Serbia,169.5,0.0,0.0,35.0,0.0,78.0,7.0,0.0,0.0,0.0,18.58407079646018,4.1415929203539825,0.19920998889326788,2022
Rúben Santos Gato Alves Dias,Portugal,389.0,0.0,0.0,30.0,0.0,216.0,10.0,0.0,0.0,0.0,6.940874035989718,4.997429305912597,0.1989504667038674,2022
Borna Sosa,Croatia,428.5,0.0,0.0,68.0,0.0,212.0,17.0,0.0,0.0,0.0,14.282380396732789,4.4527421236872815,0.19893190960042179,2022
Christian Dannemann Eriksen,Denmark,356.5,0.0,0.0,42.0,0.0,187.0,7.0,0.0,0.0,0.0,10.603085553997195,4.7208976157082745,0.19876716738525477,2022
Saeid Ezatolahi Afagh,Iran,153.0,0.0,0.0,48.0,0.0,58.0,9.0,0.0,0.0,0.0,28.235294117647058,3.4117647058823533,0.198688332386832,2022
Abdulaziz Hatem Mohammed Abdullah,Qatar,153.0,0.0,0.0,25.0,0.0,75.0,3.0,0.0,0.0,0.0,14.705882352941178,4.411764705882353,0.19858589651992842,2022
Declan Rice,England,481.5,0.0,0.0,61.0,0.0,249.0,11.0,0.0,0.0,0.0,11.401869158878505,4.654205607476636,0.1984970375393774,2022
Nouhou Tolo,Cameroon,166.5,0.0,0.0,59.0,0.0,58.0,12.0,0.0,0.0,0.0,31.89189189189189,3.1351351351351355,0.1984864808751448,2022
Leandro Trossard,Belgium,113.5,0.0,0.0,18.0,0.0,56.0,2.0,0.0,0.0,0.0,14.273127753303966,4.440528634361234,0.1984663127986533,2022
Joachim Andersen,Denmark,367.0,0.0,0.0,42.0,0.0,193.0,13.0,0.0,0.0,0.0,10.299727520435969,4.732970027247957,0.19839130135934294,2022
Nicolás Hernán Otamendi,Argentina,838.0,0.0,0.0,90.0,0.0,445.0,26.0,0.0,0.0,0.0,9.665871121718377,4.779236276849642,0.1983654227078903,2022
Bryan Mbeumo,Cameroon,162.0,0.0,0.0,43.0,0.0,67.0,14.0,0.0,0.0,0.0,23.88888888888889,3.7222222222222223,0.19826565509763888,2022
Stephen Antunes Eustáquio,Canada,154.5,0.0,0.0,26.0,0.0,75.0,3.0,0.0,0.0,0.0,15.145631067961165,4.368932038834951,0.19821638602739972,2022
Pape Gueye,Senegal,109.0,0.0,0.0,29.0,0.0,45.0,6.0,0.0,0.0,0.0,23.94495412844037,3.7155963302752295,0.19817649478998506,2022
Thomas Teye Partey,Ghana,293.0,0.0,0.0,59.0,0.0,135.0,16.0,0.0,0.0,0.0,18.12286689419795,4.146757679180888,0.19816248646132162,2022
Noussair Mazraoui,Morocco,216.0,0.0,0.0,63.0,0.0,85.0,18.0,0.0,0.0,0.0,26.25,3.541666666666667,0.1980655688778158,2022
Mark Anthony Kaye,Canada,94.5,0.0,0.0,17.0,0.0,45.0,3.0,0.0,0.0,0.0,16.19047619047619,4.285714285714286,0.1980080872793423,2022
Kyle Walker,England,255.5,0.0,0.0,29.0,0.0,134.0,5.0,0.0,0.0,0.0,10.215264187866927,4.720156555772994,0.19770282681657533,2022
Lisandro Martínez,Argentina,235.0,0.0,0.0,39.0,0.0,114.0,13.0,0.0,0.0,0.0,14.936170212765957,4.365957446808511,0.19754861943982452,2022
Saud Abdullah Abdul Hamid,Saudi Arabia,204.0,0.0,0.0,54.0,0.0,84.0,12.0,0.0,0.0,0.0,23.823529411764707,3.7058823529411766,0.19750100756590394,2022
Marcos Aoás Corrêa,Brazil,520.0,0.0,0.0,36.0,0.0,289.0,12.0,0.0,0.0,0.0,6.230769230769231,5.001923076923077,0.19721282610258004,2022
Nemanja Gudelj,Serbia,90.0,0.0,0.0,21.0,0.0,39.0,3.0,0.0,0.0,0.0,21.0,3.9000000000000004,0.19695344129554654,2022
Philip Foden,England,118.5,0.0,0.0,24.0,0.0,54.0,5.0,0.0,0.0,0.0,18.227848101265824,4.101265822784811,0.19680134348304285,2022
Jackson Irvine,Australia,236.0,0.0,0.0,89.0,0.0,77.0,14.0,0.0,0.0,0.0,33.940677966101696,2.9364406779661016,0.1967960704463998,2022
Nicolás Alejandro Tagliafico,Argentina,289.5,0.0,0.0,72.0,0.0,122.0,12.0,0.0,0.0,0.0,22.38341968911917,3.7927461139896375,0.19678340161652863,2022
Walker Zimmerman,United States,345.0,0.0,0.0,31.0,0.0,186.0,9.0,0.0,0.0,0.0,8.08695652173913,4.852173913043479,0.19677379388785832,2022
John Stones,England,655.5,0.0,0.0,23.0,0.0,380.0,7.0,0.0,0.0,0.0,3.1578947368421053,5.217391304347826,0.19676879462545438,2022
João Pedro Cavaco Cancelo,Portugal,413.5,0.0,0.0,33.0,0.0,226.0,10.0,0.0,0.0,0.0,7.182587666263604,4.918984280532044,0.19676570901793522,2022
Marcos Javier Acuña,Argentina,368.0,0.0,0.0,74.0,0.0,168.0,19.0,0.0,0.0,0.0,18.097826086956523,4.108695652173914,0.1967216548413741,2022
Thiago Emiliano da Silva,Brazil,484.5,0.0,0.0,41.0,0.0,263.0,11.0,0.0,0.0,0.0,7.6160990712074295,4.885448916408668,0.19671509410858373,2022
Ali Al Hassan,Saudi Arabia,90.0,0.0,0.0,8.0,0.0,7.0,,,0.5,0.0,8.0,0.7000000000000001,0.19666978096127893,2022
Montassar Omar Talbi,Tunisia,213.0,0.0,0.0,39.0,0.0,100.0,11.0,0.0,0.0,0.0,16.47887323943662,4.225352112676056,0.19660092288392447,2022
Yahia Attiyat allah,Morocco,229.5,0.0,0.0,55.0,0.0,98.0,12.0,0.0,0.0,0.0,21.568627450980394,3.8431372549019613,0.19642232684623728,2022
Leander Dendoncker,Belgium,184.5,0.0,0.0,25.0,0.0,93.0,6.0,0.0,0.0,0.0,12.195121951219512,4.536585365853659,0.19637387233417644,2022
Jun-Ho Son,South Korea,91.5,0.0,0.0,22.0,0.0,39.0,3.0,0.0,0.0,0.0,21.639344262295083,3.8360655737704925,0.19635627530364372,2022
Nayef Aguerd,Morocco,226.5,0.0,0.0,28.0,0.0,116.0,8.0,0.0,0.0,0.0,11.125827814569536,4.609271523178808,0.19613662472337431,2022
Dejan Lovren,Croatia,665.5,0.0,0.0,60.0,0.0,357.0,16.0,0.0,0.0,0.0,8.11419984973704,4.8279489105935385,0.19597228815952672,2022
Nico Elvedi,Switzerland,212.0,0.0,0.0,24.0,0.0,110.0,6.0,0.0,0.0,0.0,10.18867924528302,4.669811320754717,0.19581450556166008,2022
Ernesto Alexis Vega Rojas,Mexico,145.0,0.0,0.0,41.0,0.0,57.0,9.0,0.0,0.0,0.0,25.448275862068964,3.537931034482759,0.19578576874751658,2022
Grzegorz Krychowiak,Poland,226.0,0.0,0.0,65.0,0.0,88.0,9.0,0.0,0.0,0.0,25.884955752212388,3.504424778761062,0.19574468158404595,2022
Jakub Kamiński,Poland,145.5,0.0,0.0,44.0,0.0,55.0,7.0,0.0,0.0,0.0,27.216494845360824,3.402061855670103,0.1956123762710014,2022
Nikola Milenković,Serbia,238.0,0.0,0.0,46.0,0.0,109.0,12.0,0.0,0.0,0.0,17.39495798319328,4.121848739495799,0.19531593079461618,2022
Rodrigo Hernández Cascante,Spain,953.0,0.0,0.0,32.0,0.0,549.0,9.0,0.0,0.0,0.0,3.0220356768100736,5.184679958027283,0.1952246066528261,2022
Abdul Rahman Baba,Ghana,167.5,0.0,0.0,40.0,0.0,71.0,11.0,0.0,0.0,0.0,21.492537313432834,3.8149253731343284,0.19520045366440913,2022
Almoez Ali Zainalabiddin Abdulla,Qatar,139.0,0.0,0.0,56.0,0.0,42.0,14.0,0.0,0.0,0.0,36.2589928057554,2.7194244604316546,0.19516544970190147,2022
Thiago Ezequiel Almada,Argentina,90.0,0.0,0.0,2.0,0.0,11.0,,,0.5,0.0,2.0,1.1,0.19505501920481677,2022
Nampalys Mendy,Senegal,250.0,0.0,0.0,46.0,0.0,116.0,6.0,0.0,0.0,0.0,16.560000000000002,4.176000000000001,0.19503662410464032,2022
Djibril Sow,Switzerland,185.0,0.0,0.0,50.0,0.0,74.0,6.0,0.0,0.0,0.0,24.324324324324326,3.6000000000000005,0.19501906453323453,2022
Granit Xhaka,Switzerland,372.5,0.0,0.0,48.0,0.0,188.0,14.0,0.0,0.0,0.0,11.59731543624161,4.542281879194631,0.1949800915059182,2022
Michał Skóraś,Poland,90.0,0.0,0.0,6.0,0.0,8.0,,,0.5,0.0,6.0,0.8,0.19492837122391776,2022
Josip Juranović,Croatia,591.0,0.0,0.0,75.0,0.0,299.0,19.0,0.0,0.0,0.0,11.421319796954315,4.553299492385787,0.19490690314227582,2022
Gleison Bremer Silva Nascimento,Brazil,127.0,0.0,0.0,11.0,0.0,68.0,1.0,0.0,0.0,0.0,7.795275590551181,4.818897637795276,0.1947923231411707,2022
Aaron Mooy,Australia,338.0,0.0,0.0,64.0,0.0,155.0,17.0,0.0,0.0,0.0,17.041420118343197,4.127218934911243,0.19456389740149888,2022
César Jasib Montes Castro,Mexico,285.5,0.0,0.0,31.0,0.0,148.0,12.0,0.0,0.0,0.0,9.772329246935202,4.665499124343258,0.19454493938033718,2022
Ismaeel Mohammad Mohammad,Qatar,122.0,0.0,0.0,27.0,0.0,53.0,7.0,0.0,0.0,0.0,19.918032786885245,3.9098360655737707,0.1944137340392401,2022
Jonathan David,Canada,137.0,0.0,0.0,31.0,0.0,59.0,3.0,0.0,0.0,0.0,20.364963503649637,3.8759124087591244,0.19438500637634773,2022
Filip Kostić,Serbia,177.5,0.0,0.0,34.0,0.0,81.0,3.0,0.0,0.0,0.0,17.239436619718308,4.107042253521127,0.1943654076436194,2022
Luke Shaw,England,559.5,0.0,0.0,44.0,0.0,302.0,10.0,0.0,0.0,0.0,7.07774798927614,4.857908847184987,0.1942807190096376,2022
Pierre Kunde Malong,Cameroon,95.0,0.0,0.0,28.0,0.0,36.0,5.0,0.0,0.0,0.0,26.526315789473685,3.4105263157894736,0.1940713665196938,2022
Orbelín Pineda Alvarado,Mexico,90.0,0.0,0.0,28.0,0.0,33.0,4.0,0.0,0.0,0.0,28.0,3.3000000000000003,0.1940247067372573,2022
Heung-Min Son,South Korea,259.5,0.0,0.0,47.0,0.0,120.0,10.0,0.0,0.0,0.0,16.300578034682083,4.161849710982659,0.1938318064888938,2022
Timothy Castagne,Belgium,299.0,0.0,0.0,41.0,0.0,148.0,9.0,0.0,0.0,0.0,12.341137123745819,4.454849498327759,0.19381429742450956,2022
Aymeric Laporte,Spain,607.0,0.0,0.0,19.0,0.0,348.0,4.0,0.0,0.0,0.0,2.817133443163097,5.159802306425042,0.19377845257011395,2022
Jan Vertonghen,Belgium,386.5,0.0,0.0,22.0,0.0,214.0,4.0,0.0,0.0,0.0,5.1228978007761965,4.983182406209574,0.1935723457084577,2022
Rasmus Nissen Kristensen,Denmark,264.0,0.0,0.0,38.0,0.0,129.0,12.0,0.0,0.0,0.0,12.954545454545455,4.397727272727273,0.19339362560516404,2022
Darwin Gabriel Núñez Ribeiro,Uruguay,148.0,0.0,0.0,46.0,0.0,54.0,14.0,0.0,0.0,0.0,27.972972972972975,3.283783783783784,0.1933670785391433,2022
Kevin De Bruyne,Belgium,233.5,0.0,0.0,31.0,0.0,116.0,5.0,0.0,0.0,0.0,11.948608137044967,4.471092077087794,0.19335038081754563,2022
Bryan Oviedo,Costa Rica,147.0,0.0,0.0,37.0,0.0,60.0,8.0,0.0,0.0,0.0,22.653061224489797,3.673469387755102,0.1931995563719103,2022
Jorge Resurrección Merodio,Spain,92.0,0.0,0.0,9.0,0.0,48.0,1.0,0.0,0.0,0.0,8.804347826086957,4.695652173913045,0.19304352903741218,2022
Youssouf Sabaly,Senegal,358.0,0.0,0.0,59.0,0.0,169.0,8.0,0.0,0.0,0.0,14.832402234636872,4.248603351955308,0.1930351367244928,2022
Neco Williams,Wales,177.0,0.0,0.0,42.0,0.0,74.0,7.0,0.0,0.0,0.0,21.35593220338983,3.76271186440678,0.1929503454755633,2022
Danilo Luiz da Silva,Brazil,374.0,0.0,0.0,23.0,0.0,205.0,8.0,0.0,0.0,0.0,5.5347593582887695,4.933155080213903,0.19286853596510653,2022
Mathias Jensen,Denmark,114.0,0.0,0.0,13.0,0.0,58.0,3.0,0.0,0.0,0.0,10.263157894736842,4.578947368421053,0.1927340638266485,2022
Angelo Smit Preciado Quiñónez,Ecuador,209.0,0.0,0.0,58.0,0.0,81.0,13.0,0.0,0.0,0.0,24.976076555023923,3.4880382775119614,0.1927215656706387,2022
José Diogo Dalot Teixeira,Portugal,213.5,0.0,0.0,40.0,0.0,97.0,12.0,0.0,0.0,0.0,16.861826697892273,4.088992974238876,0.19270365262268094,2022
Niklas Süle,Germany,357.5,0.0,0.0,31.0,0.0,189.0,6.0,0.0,0.0,0.0,7.804195804195804,4.758041958041958,0.19261962266945135,2022
Riley McGree,Australia,180.5,0.0,0.0,62.0,0.0,61.0,5.0,0.0,0.0,0.0,30.914127423822716,3.0415512465373964,0.19249265207635455,2022
Michael Steveen Estrada Martínez,Ecuador,141.0,0.0,0.0,56.0,0.0,42.0,20.0,0.0,0.0,0.0,35.74468085106383,2.6808510638297873,0.1923971454508107,2022
Eden Hazard,Belgium,121.5,0.0,0.0,8.0,0.0,66.0,2.0,0.0,0.0,0.0,5.925925925925926,4.888888888888889,0.1923173043281005,2022
Óscar Esau Duarte Gaitán,Costa Rica,154.0,0.0,0.0,38.0,0.0,63.0,7.0,0.0,0.0,0.0,22.20779220779221,3.6818181818181825,0.19230961346345962,2022
Simon Thorup Kjær,Denmark,90.0,0.0,0.0,7.0,0.0,48.0,1.0,0.0,0.0,0.0,7.0,4.800000000000001,0.19198250804526107,2022
Pedro Miguel Correia,Qatar,191.0,0.0,0.0,43.0,0.0,81.0,9.0,0.0,0.0,0.0,20.26178010471204,3.8167539267015704,0.19197363937120593,2022
Moon-Hwan Kim,South Korea,354.5,0.0,0.0,60.0,0.0,165.0,11.0,0.0,0.0,0.0,15.232722143864597,4.188998589562765,0.19195475356002525,2022
Abdulelah Saad Hameed Al-Malki,Saudi Arabia,150.5,0.0,0.0,43.0,0.0,57.0,3.0,0.0,0.0,0.0,25.71428571428571,3.4086378737541527,0.19183066721434103,2022
Ruben Vargas,Switzerland,211.5,0.0,0.0,43.0,0.0,93.0,9.0,0.0,0.0,0.0,18.29787234042553,3.9574468085106385,0.19179758851995907,2022
Celso Borges Mora,Costa Rica,181.5,0.0,0.0,42.0,0.0,76.0,6.0,0.0,0.0,0.0,20.826446280991735,3.7685950413223144,0.19174608975860352,2022
Min Jae Kim,South Korea,273.5,0.0,0.0,26.0,0.0,142.0,5.0,0.0,0.0,0.0,8.555758683729433,4.6727605118829985,0.19155217696025487,2022
Kye Rowles,Australia,277.0,0.0,0.0,49.0,0.0,127.0,9.0,0.0,0.0,0.0,15.920577617328519,4.126353790613718,0.19153392501183317,2022
Renato Steffen,Switzerland,90.0,0.0,0.0,2.0,0.0,10.0,,,0.5,0.0,2.0,1.0,0.19144555174919545,2022
Christian Fassnacht,Switzerland,90.0,0.0,0.0,2.0,0.0,10.0,,,0.5,0.0,2.0,1.0,0.19144555174919545,2022
Mohammad Hossein Kanani Zadegan,Iran,90.0,0.0,0.0,6.0,0.0,7.0,,,0.5,0.0,6.0,0.7000000000000001,0.19131890376829647,2022
Harry Maguire,England,596.0,0.0,0.0,35.0,0.0,325.0,13.0,0.0,0.0,0.0,5.285234899328859,4.907718120805369,0.19128280982528595,2022
Jawad El Yamiq,Morocco,243.0,0.0,0.0,27.0,0.0,123.0,4.0,0.0,0.0,0.0,10.0,4.555555555555555,0.19118568116543821,2022
Ali Albulayhi,Saudi Arabia,133.0,0.0,0.0,26.0,0.0,59.0,8.0,0.0,0.0,0.0,17.593984962406015,3.992481203007519,0.19117893612886153,2022
Fabian Rieder,Switzerland,90.0,0.0,0.0,35.0,0.0,27.0,4.0,0.0,0.0,0.0,35.0,2.7,0.19109597217896812,2022
Steven de Sousa Vitoria,Canada,269.0,0.0,0.0,30.0,0.0,136.0,4.0,0.0,0.0,0.0,10.03717472118959,4.550185873605948,0.1910913229268812,2022
Josip Šutalo,Croatia,99.0,0.0,0.0,3.0,0.0,56.0,2.0,0.0,0.0,0.0,2.727272727272727,5.090909090909091,0.19105135754933322,2022
Issam Jebali,Tunisia,139.5,0.0,0.0,54.0,0.0,42.0,17.0,0.0,0.0,0.0,34.83870967741935,2.709677419354839,0.1910137531268522,2022
Raphaël Varane,France,407.5,0.0,0.0,29.0,0.0,218.0,7.0,0.0,0.0,0.0,6.404907975460123,4.814723926380369,0.190921831205232,2022
Mathías Olivera Miramontes,Uruguay,219.0,0.0,0.0,63.0,0.0,82.0,14.0,0.0,0.0,0.0,25.890410958904113,3.3698630136986307,0.19090231353694276,2022
Héctor Alfredo Moreno Herrera,Mexico,270.0,0.0,0.0,25.0,0.0,140.0,8.0,0.0,0.0,0.0,8.333333333333334,4.666666666666667,0.19073713623308763,2022
Yassine Meriah,Tunisia,269.0,0.0,0.0,43.0,0.0,126.0,13.0,0.0,0.0,0.0,14.386617100371748,4.215613382899629,0.1906517037738536,2022
Alistair Johnston,Canada,269.0,0.0,0.0,47.0,0.0,123.0,7.0,0.0,0.0,0.0,15.724907063197026,4.115241635687733,0.19060933084344128,2022
Daniel Carvajal Ramos,Spain,177.5,0.0,0.0,15.0,0.0,93.0,2.0,0.0,0.0,0.0,7.605633802816901,4.715492957746479,0.19055258990880813,2022
Jordi Alba Ramos,Spain,530.5,0.0,0.0,46.0,0.0,277.0,8.0,0.0,0.0,0.0,7.803958529688972,4.699340245051838,0.1905001686298072,2022
Weston McKennie,United States,265.0,0.0,0.0,46.0,0.0,121.0,5.0,0.0,0.0,0.0,15.622641509433961,4.109433962264151,0.19012609955165904,2022
Pervis Josué Estupiñán Tenorio,Ecuador,292.0,0.0,0.0,51.0,0.0,133.0,10.0,0.0,0.0,0.0,15.71917808219178,4.0993150684931505,0.19001913904685516,2022
Guido Rodríguez,Argentina,90.5,0.0,0.0,8.0,0.0,47.0,2.0,0.0,0.0,0.0,7.955801104972376,4.6740331491712706,0.1899929627265391,2022
Ngoran Suiru Fai Collins,Cameroon,214.5,0.0,0.0,49.0,0.0,89.0,8.0,0.0,0.0,0.0,20.55944055944056,3.7342657342657346,0.189792627179734,2022
Jules Koundé,France,444.5,0.0,0.0,71.0,0.0,207.0,16.0,0.0,0.0,0.0,14.37570303712036,4.191226096737908,0.18974225271046968,2022
Gregor Kobel,Switzerland,90.0,0.0,0.0,0.0,0.0,11.0,,,0.5,0.0,0.0,1.1,0.1897041420118343,2022
Alireza Safar Beiranvand,Iran,90.0,0.0,0.0,0.0,0.0,11.0,,,0.5,0.0,0.0,1.1,0.1897041420118343,2022
Homam Alamin Ahmed,Qatar,172.0,0.0,0.0,37.0,0.0,73.0,5.0,0.0,0.0,0.0,19.36046511627907,3.8197674418604652,0.18967099831248685,2022
Abdou Diallo,Senegal,266.5,0.0,0.0,34.0,0.0,130.0,8.0,0.0,0.0,0.0,11.48217636022514,4.390243902439024,0.18918428268680065,2022
Nico Schlotterbeck,Germany,174.0,0.0,0.0,15.0,0.0,90.0,4.0,0.0,0.0,0.0,7.758620689655173,4.655172413793103,0.18878464652756147,2022
Diego Roberto Godín Leal,Uruguay,141.0,0.0,0.0,12.0,0.0,73.0,3.0,0.0,0.0,0.0,7.659574468085107,4.659574468085107,0.1886785451605849,2022
Atiba Hutchinson,Canada,173.0,0.0,0.0,26.0,0.0,81.0,6.0,0.0,0.0,0.0,13.526011560693641,4.213872832369942,0.18828638189172692,2022
Virgil van Dijk,Netherlands,494.5,0.0,0.0,47.0,0.0,251.0,13.0,0.0,0.0,0.0,8.554095045500505,4.56825075834176,0.18777548045630554,2022
Mohamed Dräger,Tunisia,96.5,0.0,0.0,28.0,0.0,35.0,5.0,0.0,0.0,0.0,26.1139896373057,3.2642487046632125,0.18768837044937814,2022
Daniel Alves da Silva,Brazil,146.0,0.0,0.0,22.0,0.0,68.0,6.0,0.0,0.0,0.0,13.561643835616438,4.191780821917809,0.18758430992777397,2022
Gabriel Teodoro Martinelli Silva,Brazil,111.0,0.0,0.0,19.0,0.0,50.0,4.0,0.0,0.0,0.0,15.405405405405405,4.0540540540540535,0.18754597793059324,2022
Morteza Pouraliganji,Iran,184.0,0.0,0.0,42.0,0.0,75.0,6.0,0.0,0.0,0.0,20.543478260869566,3.6684782608695654,0.18737534358793817,2022
Anthony Daniel Contreras Enríquez,Costa Rica,90.0,0.0,0.0,39.0,0.0,23.0,10.0,0.0,0.0,0.0,39.0,2.3000000000000003,0.18735985674244782,2022
Aziz Eraltay Behich,Australia,309.5,0.0,0.0,45.0,0.0,145.0,6.0,0.0,0.0,0.0,13.085621970920839,4.216478190630048,0.18720218614425668,2022
Antonio Rüdiger,Germany,358.5,0.0,0.0,18.0,0.0,193.0,4.0,0.0,0.0,0.0,4.518828451882845,4.845188284518828,0.18697534234437319,2022
José María Giménez de Vargas,Uruguay,251.0,0.0,0.0,37.0,0.0,117.0,6.0,0.0,0.0,0.0,13.266932270916335,4.195219123505977,0.18691993160959403,2022
Anass Zaroury,Morocco,90.0,0.0,0.0,3.0,0.0,8.0,,,0.5,0.0,3.0,0.8,0.1869020554344441,2022
Federico Santiago Valverde Dipetta,Uruguay,290.5,0.0,0.0,54.0,0.0,127.0,9.0,0.0,0.0,0.0,16.729776247848537,3.934595524956971,0.1867774340678101,2022
Ethan Ampadu,Wales,225.5,0.0,0.0,40.0,0.0,100.0,12.0,0.0,0.0,0.0,15.964523281596453,3.991130820399113,0.18677066983574336,2022
Silvan Widmer,Switzerland,254.0,0.0,0.0,54.0,0.0,106.0,13.0,0.0,0.0,0.0,19.133858267716533,3.755905511811024,0.18675965002194717,2022
Ricardo Iván Rodríguez Araya,Switzerland,320.0,0.0,0.0,35.0,0.0,158.0,8.0,0.0,0.0,0.0,9.84375,4.4437500000000005,0.1867320587433821,2022
António João Pereira Albuquerque Tavares Silva,Portugal,90.0,0.0,0.0,9.0,0.0,45.0,6.0,0.0,0.0,0.0,9.0,4.5,0.1865049828713796,2022
Maya Yoshida,Japan,339.5,0.0,0.0,43.0,0.0,163.0,12.0,0.0,0.0,0.0,11.399116347569956,4.321060382916054,0.18646490410128289,2022
José Martín Cáceres Silva,Uruguay,107.5,0.0,0.0,13.0,0.0,52.0,2.0,0.0,0.0,0.0,10.883720930232558,4.3534883720930235,0.18625647302513884,2022
Kendall Jamaal Waston Manley,Costa Rica,122.5,0.0,0.0,34.0,0.0,45.0,9.0,0.0,0.0,0.0,24.97959183673469,3.3061224489795915,0.1861647779635055,2022
Steven Bergwijn,Netherlands,148.0,0.0,0.0,24.0,0.0,67.0,4.0,0.0,0.0,0.0,14.594594594594595,4.074324324324325,0.1861083522014696,2022
Boualem Khoukhi,Qatar,292.5,0.0,0.0,29.0,0.0,146.0,9.0,0.0,0.0,0.0,8.923076923076923,4.492307692307692,0.18602152855967863,2022
Mohammed Kanoo,Saudi Arabia,259.5,0.0,0.0,51.0,0.0,110.0,13.0,0.0,0.0,0.0,17.6878612716763,3.815028901734104,0.1850250133662644,2022
Matty Cash,Poland,243.0,0.0,0.0,53.0,0.0,99.0,10.0,0.0,0.0,0.0,19.62962962962963,3.6666666666666665,0.18486500878538661,2022
Ben Davies,Wales,230.5,0.0,0.0,35.0,0.0,105.0,8.0,0.0,0.0,0.0,13.66594360086768,4.099783080260304,0.1845427290002979,2022
Harry Souttar,Australia,252.0,0.0,0.0,46.0,0.0,109.0,15.0,0.0,0.0,0.0,16.42857142857143,3.8928571428571432,0.18446504575047085,2022
Jin-Su Kim,South Korea,217.0,0.0,0.0,46.0,0.0,89.0,17.0,0.0,0.0,0.0,19.078341013824886,3.6912442396313367,0.18427718944239774,2022
Ali Abdi,Tunisia,180.0,0.0,0.0,50.0,0.0,65.0,17.0,0.0,0.0,0.0,25.0,3.25,0.184193657219973,2022
Leon Goretzka,Germany,104.5,0.0,0.0,30.0,0.0,37.0,5.0,0.0,0.0,0.0,25.83732057416268,3.186602870813397,0.18414555825593537,2022
Daniel James,Wales,90.0,0.0,0.0,27.0,0.0,31.0,4.0,0.0,0.0,0.0,27.0,3.1,0.1841303332295235,2022
Kieran Trippier,England,257.0,0.0,0.0,37.0,0.0,118.0,8.0,0.0,0.0,0.0,12.957198443579767,4.132295719844358,0.18382005799616347,2022
Guillermo Varela Olivera,Uruguay,136.0,0.0,0.0,24.0,0.0,59.0,5.0,0.0,0.0,0.0,15.882352941176471,3.9044117647058827,0.18342073204242765,2022
Axel Disasi,France,103.0,0.0,0.0,15.0,0.0,47.0,3.0,0.0,0.0,0.0,13.106796116504855,4.106796116504855,0.1832998975004006,2022
Youssef Msakni,Tunisia,152.0,0.0,0.0,32.0,0.0,62.0,10.0,0.0,0.0,0.0,18.94736842105263,3.6710526315789473,0.18319797079119468,2022
Ghilane Chalali,Tunisia,90.0,0.0,0.0,7.0,0.0,4.0,,,0.5,0.0,7.0,0.4,0.1831659399979238,2022
Benjamin Pavard,France,117.5,0.0,0.0,3.0,0.0,64.0,1.0,0.0,0.0,0.0,2.2978723404255317,4.902127659574468,0.1830885188547347,2022
David Raum,Germany,287.0,0.0,0.0,60.0,0.0,117.0,11.0,0.0,0.0,0.0,18.81533101045296,3.668989547038328,0.18277024644162,2022
Cameron Carter-Vickers,United States,90.0,0.0,0.0,13.0,0.0,41.0,6.0,0.0,0.0,0.0,13.0,4.1000000000000005,0.18276886743485932,2022
Christian Nørgaard,Denmark,90.0,0.0,0.0,0.0,0.0,9.0,,,0.5,0.0,0.0,0.9,0.1824852071005917,2022
Fabian Lukas Schär,Switzerland,119.0,0.0,0.0,20.0,0.0,52.0,7.0,0.0,0.0,0.0,15.126050420168067,3.9327731092436977,0.18242098458816725,2022
Firas Tariq Nasser Al Albirakan,Saudi Arabia,164.5,0.0,0.0,45.0,0.0,59.0,13.0,0.0,0.0,0.0,24.620060790273556,3.2279635258358668,0.18238175383062966,2022
Shogo Taniguchi,Japan,120.5,0.0,0.0,13.0,0.0,58.0,5.0,0.0,0.0,0.0,9.709543568464731,4.33195020746888,0.18233762054969238,2022
Borna Barišić,Croatia,102.5,0.0,0.0,25.0,0.0,39.0,5.0,0.0,0.0,0.0,21.951219512195124,3.4243902439024394,0.18233139133010762,2022
Bartosz Bereszyński,Poland,235.0,0.0,0.0,51.0,0.0,94.0,9.0,0.0,0.0,0.0,19.53191489361702,3.6,0.18219726737213168,2022
Joshua Kimmich,Germany,384.5,0.0,0.0,48.0,0.0,180.0,6.0,0.0,0.0,0.0,11.235370611183356,4.2132639791937585,0.18213593632745692,2022
Anis Ben Slimane,Tunisia,111.5,0.0,0.0,29.0,0.0,41.0,7.0,0.0,0.0,0.0,23.408071748878925,3.3094170403587446,0.18207918966892114,2022
Akram Hassan Afif,Qatar,287.0,0.0,0.0,24.0,0.0,143.0,1.0,0.0,0.0,0.0,7.526132404181184,4.484320557491289,0.18199579624483345,2022
Abdessamad Ezzalzouli,Morocco,90.0,0.0,0.0,42.0,0.0,19.0,4.0,0.0,0.0,0.0,42.0,1.9000000000000001,0.1809483027094363,2022
Jorge Eduardo Sánchez Ramos,Mexico,133.0,0.0,0.0,23.0,0.0,57.0,3.0,0.0,0.0,0.0,15.56390977443609,3.857142857142857,0.18086260106822644,2022
Andreas Evald Cornelius,Denmark,90.0,0.0,0.0,27.0,0.0,30.0,9.0,0.0,0.0,0.0,27.0,3.0,0.1805208657739022,2022
Thomas Müller,Germany,151.5,0.0,0.0,62.0,0.0,38.0,10.0,0.0,0.0,0.0,36.83168316831683,2.2574257425742577,0.1800219542352865,2022
Wajdi Kechrida,Tunisia,95.5,0.0,0.0,16.0,0.0,41.0,6.0,0.0,0.0,0.0,15.078534031413612,3.8638743455497386,0.1798069789548688,2022
Kamil Glik,Poland,206.5,0.0,0.0,26.0,0.0,95.0,7.0,0.0,0.0,0.0,11.331719128329299,4.14043583535109,0.17976500271840967,2022
Jakub Piotr Kiwior,Poland,286.5,0.0,0.0,25.0,0.0,140.0,6.0,0.0,0.0,0.0,7.853403141361257,4.397905759162304,0.17975227498406166,2022
Abdulelah Al Amri,Saudi Arabia,155.0,0.0,0.0,28.0,0.0,65.0,8.0,0.0,0.0,0.0,16.258064516129032,3.7741935483870965,0.17972574115188714,2022
Fodé Ballo Touré,Senegal,90.0,0.0,0.0,3.0,0.0,6.0,,,0.5,0.0,3.0,0.6000000000000001,0.17968312052320148,2022
Iñaki Williams Arthuer,Ghana,131.5,0.0,0.0,44.0,0.0,40.0,12.0,0.0,0.0,0.0,30.114068441064642,2.737642585551331,0.17938265918130758,2022
Roozbeh Cheshmi,Iran,90.0,1.0,0.0,9.0,0.0,6.0,3.0,0.0,0.0,1.0,9.0,0.6000000000000001,0.1790690854354822,2022
Alexander Hartmann Bah,Denmark,90.0,0.0,0.0,14.0,0.0,39.0,4.0,0.0,0.0,0.0,14.0,3.9000000000000004,0.17822537112010794,2022
Felix Eduardo Torres Caicedo,Ecuador,272.0,0.0,0.0,19.0,0.0,135.0,4.0,0.0,0.0,0.0,6.286764705882353,4.466911764705882,0.17805157935955443,2022
Darko Lazović,Serbia,90.0,0.0,0.0,1.0,0.0,7.0,,,0.5,0.0,1.0,0.7000000000000001,0.17794171078584034,2022
Kenneth Taylor,Netherlands,90.0,0.0,0.0,1.0,0.0,7.0,,,0.5,0.0,1.0,0.7000000000000001,0.17794171078584034,2022
Connor Roberts,Wales,178.5,0.0,0.0,21.0,0.0,82.0,7.0,0.0,0.0,0.0,10.588235294117647,4.1344537815126055,0.1775599370860147,2022
Miloš Degenek,Australia,139.5,0.0,0.0,30.0,0.0,54.0,10.0,0.0,0.0,0.0,19.35483870967742,3.4838709677419355,0.1775318712892175,2022
Takehiro Tomiyasu,Japan,139.0,0.0,0.0,24.0,0.0,58.0,6.0,0.0,0.0,0.0,15.53956834532374,3.7553956834532376,0.17712494594794423,2022
Kamil Grosicki,Poland,90.0,0.0,0.0,2.0,0.0,6.0,,,0.5,0.0,2.0,0.6000000000000001,0.17700768192671026,2022
Liam Millar,Canada,90.0,0.0,0.0,2.0,0.0,6.0,,,0.5,0.0,2.0,0.6000000000000001,0.17700768192671026,2022
Damian Szymański,Poland,90.0,0.0,0.0,2.0,0.0,6.0,,,0.5,0.0,2.0,0.6000000000000001,0.17700768192671026,2022
Michel Aebischer,Switzerland,90.0,0.0,0.0,6.0,0.0,3.0,,,0.5,0.0,6.0,0.30000000000000004,0.17688103394581126,2022
João Mário Naval da Costa Eduardo,Portugal,90.0,0.0,0.0,20.0,0.0,34.0,5.0,0.0,0.0,0.0,20.0,3.4000000000000004,0.17623066542094878,2022
Kieffer Roberto Francisco Moore,Wales,179.5,0.0,0.0,72.0,0.0,44.0,12.0,0.0,0.0,0.0,36.100278551532035,2.2061281337047354,0.17621355559623125,2022
Mehdi Torabi,Iran,90.0,0.0,0.0,21.0,0.0,33.0,1.0,0.0,0.0,0.0,21.0,3.3000000000000003,0.1752966365618187,2022
Munir Mohand Mohamedi,Morocco,90.0,0.0,0.0,0.0,0.0,7.0,,,0.5,0.0,0.0,0.7000000000000001,0.1752662721893491,2022
Lucas Hernández Pi,France,90.0,0.0,0.0,1.0,0.0,6.0,,,0.5,0.0,1.0,0.6000000000000001,0.17433224333021902,2022
Mohammed Al Burayk,Saudi Arabia,90.0,0.0,0.0,15.0,0.0,37.0,6.0,0.0,0.0,0.0,15.0,3.7,0.17368187480535655,2022
Sergio Busquets i Burgos,Spain,404.5,0.0,0.0,56.0,0.0,174.0,12.0,0.0,0.0,0.0,12.45982694684796,3.8714462299134738,0.1730740936498031,2022
Nicolas Moumi Ngamaleu,Cameroon,90.0,0.0,0.0,28.0,0.0,27.0,4.0,0.0,0.0,0.0,28.0,2.7,0.17236790200352953,2022
Harry Wilson,Wales,109.5,0.0,0.0,21.0,0.0,42.0,4.0,0.0,0.0,0.0,17.26027397260274,3.4520547945205484,0.1707795975307483,2022
Lucas Daniel Cavallini,Canada,90.0,0.0,0.0,5.0,0.0,2.0,,,0.5,0.0,5.0,0.2,0.17059612789369874,2022
Takefusa Kubo,Japan,90.0,0.0,0.0,42.0,0.0,16.0,3.0,0.0,0.0,0.0,42.0,1.6,0.17011990034257238,2022
Ismail Jakobs,Senegal,210.0,0.0,0.0,39.0,0.0,81.0,8.0,0.0,0.0,0.0,16.71428571428571,3.471428571428571,0.17001812964363566,2022
Jerome Ngom Mbekeli,Cameroon,90.0,0.0,0.0,2.0,0.0,4.0,,,0.5,0.0,2.0,0.4,0.16978874701546764,2022
Juan Marcos Foyth,Argentina,90.0,0.0,0.0,2.0,0.0,4.0,,,0.5,0.0,2.0,0.4,0.16978874701546764,2022
Kasper Dolberg,Denmark,90.0,0.0,0.0,27.0,0.0,27.0,3.0,0.0,0.0,0.0,27.0,2.7,0.1696924634070383,2022
Jan Bednarek,Poland,90.0,0.0,0.0,0.0,0.0,5.0,,,0.5,0.0,0.0,0.5,0.1680473372781065,2022
Noa Lang,Netherlands,90.0,0.0,0.0,4.0,0.0,2.0,,,0.5,0.0,4.0,0.2,0.16792068929720752,2022
Ardon Jashari,Switzerland,90.0,0.0,0.0,1.0,0.0,4.0,,,0.5,0.0,1.0,0.4,0.16711330841897643,2022
Rubin Colwill,Wales,90.0,0.0,0.0,3.0,0.0,2.0,,,0.5,0.0,3.0,0.2,0.16524525070071627,2022
Néstor Alejandro Araújo Razo,Mexico,90.0,0.0,0.0,9.0,0.0,39.0,2.0,0.0,0.0,0.0,9.0,3.9000000000000004,0.16484817813765182,2022
Gabriel Fernando de Jesus,Brazil,90.0,0.0,0.0,21.0,0.0,30.0,5.0,0.0,0.0,0.0,21.0,3.0,0.16446823419495482,2022
Ajdin Hrustic,Australia,90.0,0.0,0.0,25.0,0.0,27.0,2.0,0.0,0.0,0.0,25.0,2.7,0.1643415862140558,2022
Sebastián Coates Nión,Uruguay,125.0,0.0,0.0,8.0,0.0,57.0,3.0,0.0,0.0,0.0,5.76,4.104,0.16354307069448765,2022
Jeremy Leonel Sarmiento Morante,Ecuador,90.0,0.0,0.0,22.0,0.0,29.0,7.0,0.0,0.0,0.0,22.0,2.9000000000000004,0.16353420533582474,2022
Artur Jędrzejczyk,Poland,90.0,0.0,0.0,1.0,0.0,3.0,,,0.5,0.0,1.0,0.30000000000000004,0.16350384096335513,2022
Cyle Larin,Canada,90.0,0.0,0.0,23.0,0.0,28.0,2.0,0.0,0.0,0.0,23.0,2.8000000000000003,0.1626001764766947,2022
Fran Karačić,Australia,90.0,0.0,0.0,24.0,0.0,27.0,8.0,0.0,0.0,0.0,24.0,2.7,0.1616661476175646,2022
Ahmed Alaa Eldin Abdelmotaal,Qatar,90.0,0.0,0.0,2.0,0.0,1.0,,,0.5,0.0,2.0,0.1,0.15896034464860376,2022
Pablo Sarabia García,Spain,90.0,0.0,0.0,0.0,0.0,2.0,,,0.5,0.0,0.0,0.2,0.15721893491124259,2022
Sultan Abdullah Salim Al Ghannam,Saudi Arabia,90.0,0.0,0.0,15.0,0.0,32.0,1.0,0.0,0.0,0.0,15.0,3.2,0.15563453752725007,2022
Hannibal Mejbri,Tunisia,90.0,0.0,0.0,2.0,0.0,0.0,,,0.5,0.0,2.0,0.0,0.15535087719298246,2022
Josip Stanišić,Croatia,90.0,0.0,0.0,13.0,0.0,33.0,4.0,0.0,0.0,0.0,13.0,3.3000000000000003,0.1538931277898889,2022
Abdul Fatawu Issahaku,Ghana,90.0,0.0,0.0,0.0,0.0,1.0,,,0.5,0.0,0.0,0.1,0.1536094674556213,2022
Youssoufa Moukoko,Germany,90.0,0.0,0.0,0.0,0.0,1.0,,,0.5,0.0,0.0,0.1,0.1536094674556213,2022
Tariq Lamptey,Ghana,90.0,0.0,0.0,25.0,0.0,24.0,5.0,0.0,0.0,0.0,25.0,2.4000000000000004,0.15351318384719193,2022
Jackson Gabriel Porozo Vernaza,Ecuador,90.0,0.0,0.0,18.0,0.0,29.0,2.0,0.0,0.0,0.0,18.0,2.9000000000000004,0.15283245094985984,2022
Yu-Min Cho,South Korea,90.0,0.0,0.0,1.0,0.0,0.0,,,0.5,0.0,1.0,0.0,0.15267543859649121,2022
Hiroki Sakai,Japan,90.0,0.0,0.0,30.0,0.0,20.0,15.0,0.0,0.0,0.0,30.0,2.0,0.15245250700716284,2022
Matthijs de Ligt,Netherlands,90.0,0.0,0.0,11.0,0.0,34.0,2.0,0.0,0.0,0.0,11.0,3.4000000000000004,0.15215171805252775,2022
Luis Alberto Suárez Díaz,Uruguay,96.5,0.0,0.0,19.0,0.0,31.0,5.0,0.0,0.0,0.0,17.72020725388601,2.8911917098445596,0.15176595027133089,2022
Lukas Klostermann,Germany,90.0,0.0,0.0,16.0,0.0,30.0,3.0,0.0,0.0,0.0,16.0,3.0,0.1510910412124987,2022
Ferjani Sassi,Tunisia,90.0,0.0,0.0,16.0,0.0,30.0,2.0,0.0,0.0,0.0,16.0,3.0,0.1510910412124987,2022
José Adoni Cifuentes Charcopa,Ecuador,90.0,0.0,0.0,16.0,0.0,30.0,1.0,0.0,0.0,0.0,16.0,3.0,0.1510910412124987,2022
Edinson Roberto Cavani Gómez,Uruguay,90.0,0.0,0.0,20.0,0.0,27.0,4.0,0.0,0.0,0.0,20.0,2.7,0.1509643932315997,2022
Daniel Alonso Chacón Salas,Costa Rica,90.0,0.0,0.0,0.0,0.0,0.0,,,0.5,0.0,0.0,0.0,0.15,2022
Weverton Pereira da Silva,Brazil,90.0,0.0,0.0,0.0,0.0,0.0,,,0.5,0.0,0.0,0.0,0.15,2022
Predrag Rajković,Serbia,90.0,0.0,0.0,0.0,0.0,0.0,,,0.5,0.0,0.0,0.0,0.15,2022
Arkadiusz Milik,Poland,90.0,0.0,0.0,19.0,0.0,26.0,7.0,0.0,0.0,0.0,19.0,2.6,0.14467948717948714,2022
Nicola Zalewski,Poland,90.0,0.0,0.0,25.0,0.0,21.0,5.0,0.0,0.0,0.0,25.0,2.1,0.142684781480328,2022
Gideon Mensah,Ghana,90.0,0.0,0.0,14.0,0.0,29.0,3.0,0.0,0.0,0.0,14.0,2.9000000000000004,0.14213069656389493,2022
Enzo Ebosse,Cameroon,90.0,0.0,0.0,19.0,0.0,25.0,3.0,0.0,0.0,0.0,19.0,2.5,0.14107001972386585,2022
Germán Alejandro Pezzella,Argentina,90.0,0.0,0.0,8.0,0.0,33.0,6.0,0.0,0.0,0.0,8.0,3.3000000000000003,0.14051593480743277,2022
Jordan Veretout,France,90.0,0.0,0.0,12.0,0.0,30.0,3.0,0.0,0.0,0.0,12.0,3.0,0.1403892868265338,2022
Exequiel Alejandro Palacios,Argentina,90.0,0.0,0.0,21.0,0.0,23.0,3.0,0.0,0.0,0.0,21.0,2.3000000000000003,0.13920196200560572,2022
Ali Maâloul,Tunisia,90.0,0.0,0.0,14.0,0.0,28.0,4.0,0.0,0.0,0.0,14.0,2.8000000000000003,0.13852122910827364,2022
João Maria Lobo Alves Palhinha Gonçalves,Portugal,90.0,0.0,0.0,18.0,0.0,25.0,5.0,0.0,0.0,0.0,18.0,2.5,0.13839458112737463,2022
Dries Mertens,Belgium,90.0,0.0,0.0,15.0,0.0,27.0,3.0,0.0,0.0,0.0,15.0,2.7,0.13758720024914356,2022
Sadegh Moharrami,Iran,90.0,0.0,0.0,24.0,0.0,20.0,4.0,0.0,0.0,0.0,24.0,2.0,0.13639987542821547,2022
Mohamed Ali Ben Romdhane,Tunisia,90.0,0.0,0.0,17.0,0.0,25.0,7.0,0.0,0.0,0.0,17.0,2.5,0.1357191425308834,2022
Pape Abou Cissé,Senegal,90.0,0.0,0.0,11.0,0.0,29.0,3.0,0.0,0.0,0.0,11.0,2.9000000000000004,0.13410438077442124,2022
Yasir Gharsan Al Shahrani,Saudi Arabia,90.0,0.0,0.0,28.0,0.0,16.0,4.0,0.0,0.0,0.0,28.0,1.6,0.1326637599916952,2022
Thilo Kehrer,Germany,90.0,0.0,0.0,28.0,0.0,16.0,5.0,0.0,0.0,0.0,28.0,1.6,0.1326637599916952,2022
Thomas Delaney,Denmark,90.0,0.0,0.0,13.0,0.0,27.0,2.0,0.0,0.0,0.0,13.0,2.7,0.1322363230561611,2022
Eric Dier,England,90.0,0.0,0.0,4.0,0.0,33.0,1.0,0.0,0.0,0.0,4.0,3.3000000000000003,0.12981418042146786,2022
Pape Matar Sarr,Senegal,90.0,0.0,0.0,9.0,0.0,29.0,3.0,0.0,0.0,0.0,9.0,2.9000000000000004,0.1287535035814388,2022
Brennan Johnson,Wales,90.0,0.0,0.0,14.0,0.0,25.0,2.0,0.0,0.0,0.0,14.0,2.5,0.12769282674140972,2022
Ui-Jo Hwang,South Korea,90.0,0.0,0.0,34.0,0.0,10.0,16.0,0.0,0.0,0.0,34.0,1.0,0.12705958683691476,2022
Érick Gabriel Gutiérrez Galaviz,Mexico,90.0,0.0,0.0,16.0,0.0,23.0,1.0,0.0,0.0,0.0,16.0,2.3000000000000003,0.1258247690231496,2022
Carlos Alberto Rodríguez Gómez,Mexico,90.0,0.0,0.0,6.0,0.0,30.0,2.0,0.0,0.0,0.0,6.0,3.0,0.12433665524758641,2022
Christopher Wooh,Cameroon,90.0,0.0,0.0,14.0,0.0,24.0,1.0,0.0,0.0,0.0,14.0,2.4000000000000004,0.12408335928578842,2022
Diego Nicolás De La Cruz Arcosa,Uruguay,90.0,0.0,0.0,15.0,0.0,23.0,1.0,0.0,0.0,0.0,15.0,2.3000000000000003,0.12314933042665835,2022
Martin Braithwaite Christensen,Denmark,90.0,0.0,0.0,19.0,0.0,20.0,4.0,0.0,0.0,0.0,19.0,2.0,0.12302268244575934,2022
Gerson Torres Barrantes,Costa Rica,90.0,0.0,0.0,17.0,0.0,21.0,1.0,0.0,0.0,0.0,17.0,2.1,0.1212812727083982,2022
Kyung-Won Kwon,South Korea,90.0,0.0,0.0,6.0,0.0,29.0,1.0,0.0,0.0,0.0,6.0,2.9000000000000004,0.12072718779196512,2022
Alex Nicolao Telles,Brazil,90.0,0.0,0.0,8.0,0.0,27.0,3.0,0.0,0.0,0.0,8.0,2.7,0.11885913007370497,2022
Joe Allen,Wales,90.0,0.0,0.0,13.0,0.0,23.0,2.0,0.0,0.0,0.0,13.0,2.3000000000000003,0.11779845323367591,2022
Juan Pablo Vargas Campos,Costa Rica,90.0,0.0,0.0,21.0,0.0,17.0,4.0,0.0,0.0,0.0,21.0,1.7000000000000002,0.11754515727187789,2022
Nathaniel Atkinson,Australia,90.0,0.0,0.0,14.0,0.0,22.0,4.0,0.0,0.0,0.0,14.0,2.2,0.11686442437454582,2022
Kamaldeen Sulemana,Ghana,90.0,0.0,0.0,11.0,0.0,24.0,1.0,0.0,0.0,0.0,11.0,2.4000000000000004,0.11605704349631474,2022
Daniel-Kofi Kyereh,Ghana,90.0,0.0,0.0,13.0,0.0,22.0,5.0,0.0,0.0,0.0,13.0,2.2,0.11418898577805459,2022
Bilal El Khannous,Morocco,90.0,0.0,0.0,15.0,0.0,20.0,2.0,0.0,0.0,0.0,15.0,2.0,0.11232092805979443,2022
Takumi Minamino,Japan,90.0,0.0,0.0,16.0,0.0,19.0,5.0,0.0,0.0,0.0,16.0,1.9000000000000001,0.11138689920066436,2022
Alireza Jahanbakhsh,Iran,90.0,0.0,0.0,20.0,0.0,16.0,4.0,0.0,0.0,0.0,20.0,1.6,0.11126025121976538,2022
Vincent Janssen,Netherlands,90.0,0.0,0.0,20.0,0.0,16.0,3.0,0.0,0.0,0.0,20.0,1.6,0.11126025121976538,2022
Chang-Hoon Kwon,South Korea,90.0,0.0,0.0,14.0,0.0,20.0,3.0,0.0,0.0,0.0,14.0,2.0,0.1096454894633032,2022
Sardar Azmoun,Iran,90.0,0.0,0.0,18.0,0.0,17.0,8.0,0.0,0.0,0.0,18.0,1.7000000000000002,0.10951884148240422,2022
Anssumane Fati,Spain,90.0,0.0,0.0,7.0,0.0,25.0,4.0,0.0,0.0,0.0,7.0,2.5,0.10896475656597113,2022
Johan Alberto Venegas Ulloa,Costa Rica,90.0,0.0,0.0,20.0,0.0,14.0,4.0,0.0,0.0,0.0,20.0,1.4000000000000001,0.10404131630852279,2022
Abdulrahman Al-Obood,Saudi Arabia,90.0,0.0,0.0,18.0,0.0,15.0,4.0,0.0,0.0,0.0,18.0,1.5,0.10229990657116161,2022
Youstin Delfin Salas Gómez,Costa Rica,90.0,0.0,0.0,22.0,0.0,12.0,6.0,0.0,0.0,0.0,22.0,1.2000000000000002,0.10217325859026263,2022
Denis Lemi Zakaria Lako Lado,Switzerland,90.0,0.0,0.0,11.0,0.0,20.0,1.0,0.0,0.0,0.0,11.0,2.0,0.10161917367382951,2022
Mario Götze,Germany,90.0,0.0,0.0,19.0,0.0,14.0,3.0,0.0,0.0,0.0,19.0,1.4000000000000001,0.10136587771203155,2022
Gaël Ondoua,Cameroon,90.0,0.0,0.0,19.0,0.0,14.0,3.0,0.0,0.0,0.0,19.0,1.4000000000000001,0.10136587771203155,2022
Riyadh Sharahili,Saudi Arabia,90.0,0.0,0.0,16.0,0.0,16.0,2.0,0.0,0.0,0.0,16.0,1.6,0.10055849683380047,2022
Romario Andrés Ibarra Mina,Ecuador,90.0,0.0,0.0,13.0,0.0,18.0,1.0,0.0,0.0,0.0,13.0,1.8,0.09975111595556937,2022
Cheikhou Kouyaté,Senegal,90.0,0.0,0.0,13.0,0.0,18.0,2.0,0.0,0.0,0.0,13.0,1.8,0.09975111595556937,2022
Georges-Kévin Nkoudou Mbida,Cameroon,90.0,0.0,0.0,17.0,0.0,15.0,2.0,0.0,0.0,0.0,17.0,1.5,0.0996244679746704,2022
Abderrazak Hamdallah,Morocco,90.0,0.0,0.0,17.0,0.0,15.0,7.0,0.0,0.0,0.0,17.0,1.5,0.0996244679746704,2022
Nader Ghandri,Tunisia,90.0,0.0,0.0,6.0,0.0,23.0,3.0,0.0,0.0,0.0,6.0,2.3000000000000003,0.09907038305823732,2022
Nemanja Radonjić,Serbia,90.0,0.0,0.0,6.0,0.0,23.0,1.0,0.0,0.0,0.0,6.0,2.3000000000000003,0.09907038305823732,2022
Carlos Uriel Antuna Romero,Mexico,90.0,0.0,0.0,10.0,0.0,20.0,4.0,0.0,0.0,0.0,10.0,2.0,0.0989437350773383,2022
Kevin Nahin Álvarez Campos,Mexico,90.0,0.0,0.0,15.0,0.0,16.0,3.0,0.0,0.0,0.0,15.0,1.6,0.09788305823730924,2022
Walid Cheddira,Morocco,90.0,0.0,0.0,24.0,0.0,9.0,3.0,0.0,0.0,0.0,24.0,0.9,0.09669573341638119,2022
Ronald Alberto Matarrita Ulate,Costa Rica,90.0,0.0,0.0,9.0,0.0,20.0,2.0,0.0,0.0,0.0,9.0,2.0,0.09626829648084706,2022
Alexander Djiku,Ghana,90.0,0.0,0.0,10.0,0.0,19.0,1.0,0.0,0.0,0.0,10.0,1.9000000000000001,0.095334267621717,2022
Joseff Morrell,Wales,90.0,0.0,0.0,19.0,0.0,12.0,7.0,0.0,0.0,0.0,19.0,1.2000000000000002,0.09414694280078895,2022
Filip Mladenović,Serbia,90.0,0.0,0.0,14.0,0.0,15.0,1.0,0.0,0.0,0.0,14.0,1.5,0.09159815218519671,2022
Badr Banoun,Morocco,90.0,0.0,0.0,8.0,0.0,19.0,1.0,0.0,0.0,0.0,8.0,1.9000000000000001,0.08998339042873454,2022
Shaquell Moore,United States,90.0,0.0,0.0,13.0,0.0,15.0,2.0,0.0,0.0,0.0,13.0,1.5,0.08892271358870549,2022
Miki Yamane,Japan,90.0,0.0,0.0,10.0,0.0,17.0,1.0,0.0,0.0,0.0,10.0,1.7000000000000002,0.08811533271047439,2022
Robert Skov,Denmark,90.0,0.0,0.0,4.0,0.0,21.0,1.0,0.0,0.0,0.0,4.0,2.1,0.08650057095401223,2022
Saman Ghoddos,Iran,90.0,0.0,0.0,11.0,0.0,15.0,2.0,0.0,0.0,0.0,11.0,1.5,0.08357183639572302,2022
Callum Wilson,England,90.0,0.0,0.0,11.0,0.0,15.0,1.0,0.0,0.0,0.0,11.0,1.5,0.08357183639572302,2022
Kalvin Phillips,England,90.0,0.0,0.0,15.0,0.0,12.0,2.0,0.0,0.0,0.0,15.0,1.2000000000000002,0.08344518841482404,2022
DeAndre Yedlin,United States,90.0,0.0,0.0,8.0,0.0,17.0,2.0,0.0,0.0,0.0,8.0,1.7000000000000002,0.08276445551749194,2022
Ilias Chair,Morocco,90.0,0.0,0.0,10.0,0.0,15.0,1.0,0.0,0.0,0.0,10.0,1.5,0.0808963977992318,2022
Jonas Hofmann,Germany,90.0,0.0,0.0,7.0,0.0,17.0,1.0,0.0,0.0,0.0,7.0,1.7000000000000002,0.0800890169210007,2022
Ivan Ilić,Serbia,90.0,0.0,0.0,11.0,0.0,14.0,1.0,0.0,0.0,0.0,11.0,1.4000000000000001,0.07996236894010172,2022
Ali Assadalla Thaimn Qambar,Qatar,90.0,0.0,0.0,5.0,0.0,18.0,1.0,0.0,0.0,0.0,5.0,1.8,0.07834760718363956,2022
Raúl Alonso Jiménez Rodríguez,Mexico,90.0,0.0,0.0,3.0,0.0,19.0,1.0,0.0,0.0,0.0,3.0,1.9000000000000001,0.0766061974462784,2022
Mohammed Waed Abdulwahhab Al Bayati,Qatar,90.0,0.0,0.0,12.0,0.0,12.0,2.0,0.0,0.0,0.0,12.0,1.2000000000000002,0.07541887262535035,2022
Kellyn Kai Perry-Acosta,United States,90.0,0.0,0.0,13.0,0.0,11.0,2.0,0.0,0.0,0.0,13.0,1.1,0.07448484376622028,2022
Krzysztof Piątek,Poland,90.0,0.0,0.0,22.0,0.0,4.0,8.0,0.0,0.0,0.0,22.0,0.4,0.07329751894529221,2022
Carlos Armando Gruezo Arboleda,Ecuador,90.0,0.0,0.0,11.0,0.0,12.0,3.0,0.0,0.0,0.0,11.0,1.2000000000000002,0.07274343402885912,2022
José Andrés Guardado Hernández,Mexico,90.0,0.0,0.0,12.0,0.0,11.0,3.0,0.0,0.0,0.0,12.0,1.1,0.07180940516972906,2022
Salman Mohammed Al Faraj,Saudi Arabia,90.0,0.0,0.0,7.0,0.0,14.0,1.0,0.0,0.0,0.0,7.0,1.4000000000000001,0.06926061455413682,2022
Matías Nicolás Viña Susperreguy,Uruguay,90.0,0.0,0.0,8.0,0.0,13.0,4.0,0.0,0.0,0.0,8.0,1.3,0.06832658569500674,2022
Awer Denis Bul Mabil,Australia,90.0,0.0,0.0,8.0,0.0,13.0,2.0,0.0,0.0,0.0,8.0,1.3,0.06832658569500674,2022
Alan Steven Franco Palma,Ecuador,90.0,0.0,0.0,13.0,0.0,9.0,2.0,0.0,0.0,0.0,13.0,0.9,0.06726590885497767,2022
Haris Seferović,Switzerland,90.0,0.0,0.0,10.0,0.0,11.0,3.0,0.0,0.0,0.0,10.0,1.1,0.06645852797674659,2022
Fabian Frei,Switzerland,90.0,0.0,0.0,10.0,0.0,11.0,2.0,0.0,0.0,0.0,10.0,1.1,0.06645852797674659,2022
Jamie MacLaren,Australia,90.0,0.0,0.0,16.0,0.0,6.0,4.0,0.0,0.0,0.0,16.0,0.6000000000000001,0.06446382227758746,2022
Marko Grujić,Serbia,90.0,0.0,0.0,6.0,0.0,13.0,1.0,0.0,0.0,0.0,6.0,1.3,0.06297570850202427,2022
Carlos Manuel Martínez Castro,Costa Rica,90.0,0.0,0.0,15.0,0.0,6.0,3.0,0.0,0.0,0.0,15.0,0.6000000000000001,0.06178838368109622,2022
Karol Świderski,Poland,90.0,0.0,0.0,16.0,0.0,5.0,4.0,0.0,0.0,0.0,16.0,0.5,0.06085435482196615,2022
Stefan Mitrović,Serbia,90.0,0.0,0.0,6.0,0.0,12.0,2.0,0.0,0.0,0.0,6.0,1.2000000000000002,0.059366241046402986,2022
Garang Kuol,Australia,90.0,0.0,0.0,11.0,0.0,8.0,2.0,0.0,0.0,0.0,11.0,0.8,0.058305564206373915,2022
Ante Budimir,Croatia,90.0,0.0,0.0,15.0,0.0,5.0,5.0,0.0,0.0,0.0,15.0,0.5,0.058178916225474914,2022
Srđan Babić,Serbia,90.0,0.0,0.0,3.0,0.0,13.0,1.0,0.0,0.0,0.0,3.0,1.3,0.0549493927125506,2022
Bryan Ruiz González,Costa Rica,90.0,0.0,0.0,7.0,0.0,9.0,4.0,0.0,0.0,0.0,7.0,0.9,0.051213277276030304,2022
Nicolas Jackson,Senegal,90.0,0.0,0.0,5.0,0.0,10.0,2.0,0.0,0.0,0.0,5.0,1.0,0.04947186753866915,2022
Antoine Semenyo,Ghana,90.0,0.0,0.0,13.0,0.0,4.0,4.0,0.0,0.0,0.0,13.0,0.4,0.049218571576871165,2022
André Miguel Valente Silva,Portugal,90.0,0.0,0.0,6.0,0.0,9.0,3.0,0.0,0.0,0.0,6.0,0.9,0.04853783867953908,2022
Nasser Al Dawsari,Saudi Arabia,90.0,0.0,0.0,7.0,0.0,8.0,2.0,0.0,0.0,0.0,7.0,0.8,0.047603809820409,2022
Jason Cummings,Australia,90.0,0.0,0.0,12.0,0.0,4.0,2.0,0.0,0.0,0.0,12.0,0.4,0.04654313298037994,2022
Xavi Simons,Netherlands,90.0,0.0,0.0,5.0,0.0,9.0,1.0,0.0,0.0,0.0,5.0,0.9,0.04586240008304785,2022
Álvaro José Zamora Mata,Costa Rica,90.0,0.0,0.0,9.0,0.0,6.0,3.0,0.0,0.0,0.0,9.0,0.6000000000000001,0.04573575210214886,2022
Ikoma Loïs Openda,Belgium,90.0,0.0,0.0,5.0,0.0,8.0,2.0,0.0,0.0,0.0,5.0,0.8,0.04225293262742655,2022
Luka Jović,Serbia,90.0,0.0,0.0,4.0,0.0,8.0,2.0,0.0,0.0,0.0,4.0,0.8,0.03957749403093532,2022
Agustín Canobbio Graviz,Uruguay,90.0,0.0,0.0,8.0,0.0,5.0,4.0,0.0,0.0,0.0,8.0,0.5,0.03945084605003633,2022
Tarek Salman Salman,Qatar,90.0,0.0,0.0,3.0,0.0,8.0,1.0,0.0,0.0,0.0,3.0,0.8,0.036902055434444095,2022
Roan Roberto Wilson Gordon,Costa Rica,90.0,0.0,0.0,4.0,0.0,7.0,1.0,0.0,0.0,0.0,4.0,0.7000000000000001,0.035968026575314026,2022
Abdullah Mohammed Madu,Saudi Arabia,90.0,0.0,0.0,5.0,0.0,6.0,2.0,0.0,0.0,0.0,5.0,0.6000000000000001,0.03503399771618395,2022
Karim Ansarifard,Iran,90.0,0.0,0.0,6.0,0.0,5.0,1.0,0.0,0.0,0.0,6.0,0.5,0.03409996885705387,2022
Maximiliano Gómez González,Uruguay,90.0,0.0,0.0,5.0,0.0,5.0,1.0,0.0,0.0,0.0,5.0,0.5,0.03142453026056264,2022
Charles De Ketelaere,Belgium,90.0,0.0,0.0,5.0,0.0,5.0,3.0,0.0,0.0,0.0,5.0,0.5,0.03142453026056264,2022
Taha Yassine Khenissi,Tunisia,90.0,0.0,0.0,7.0,0.0,3.0,2.0,0.0,0.0,0.0,7.0,0.30000000000000004,0.0295564725423025,2022
Sorba Thomas,Wales,90.0,0.0,0.0,4.0,0.0,5.0,1.0,0.0,0.0,0.0,4.0,0.5,0.028749091664071413,2022
David Wallace Wotherspoon,Canada,90.0,0.0,0.0,2.0,0.0,6.0,1.0,0.0,0.0,0.0,2.0,0.6000000000000001,0.027007681926710266,2022
Filip Đuričić,Serbia,90.0,0.0,0.0,6.0,0.0,3.0,2.0,0.0,0.0,0.0,6.0,0.30000000000000004,0.02688103394581127,2022
Yahya Jabrane,Morocco,90.0,0.0,0.0,6.0,0.0,3.0,1.0,0.0,0.0,0.0,6.0,0.30000000000000004,0.02688103394581127,2022
Kevin José Rodríguez Cortez,Ecuador,90.0,0.0,0.0,10.0,0.0,0.0,3.0,0.0,0.0,0.0,10.0,0.0,0.026754385964912277,2022
Haitham Mohammed Asiri,Saudi Arabia,90.0,0.0,0.0,6.0,0.0,2.0,2.0,0.0,0.0,0.0,6.0,0.2,0.02327156649018997,2022
Djorkaeff Neicer Reasco González,Ecuador,90.0,0.0,0.0,3.0,0.0,4.0,1.0,0.0,0.0,0.0,3.0,0.4,0.02246418561195889,2022
Ángel Martín Correa,Argentina,90.0,0.0,0.0,3.0,0.0,4.0,1.0,0.0,0.0,0.0,3.0,0.4,0.02246418561195889,2022
Denis Odoi,Ghana,90.0,0.0,0.0,7.0,0.0,1.0,4.0,0.0,0.0,0.0,7.0,0.1,0.022337537631059896,2022
Hattan Babhir,Saudi Arabia,90.0,0.0,0.0,4.0,0.0,3.0,1.0,0.0,0.0,0.0,4.0,0.30000000000000004,0.021530156752828815,2022
Bailey Wright,Australia,90.0,0.0,0.0,5.0,0.0,2.0,4.0,0.0,0.0,0.0,5.0,0.2,0.020596127893698742,2022
Jordan Morris,United States,90.0,0.0,0.0,3.0,0.0,3.0,2.0,0.0,0.0,0.0,3.0,0.30000000000000004,0.018854718156337588,2022
Mosaab Khoder Jibril,Qatar,90.0,0.0,0.0,4.0,0.0,2.0,1.0,0.0,0.0,0.0,4.0,0.2,0.017920689297207516,2022
Matthias Ginter,Germany,90.0,0.0,0.0,2.0,0.0,3.0,1.0,0.0,0.0,0.0,2.0,0.30000000000000004,0.01617927955984636,2022
Rogelio Gabriel Funes Mori,Mexico,90.0,0.0,0.0,4.0,0.0,0.0,1.0,0.0,0.0,0.0,4.0,0.0,0.010701754385964912,2022
